id	idiom	paraphrase	context_idiomatic	context_literal
818	stands to reason	 to reach a logical conclusion	The company stands to reason that the project will take at least another six months to conclude given that none of the managers have a better grip on the work .	The company reasons that the project will take at least another six months to conclude given that none of the managers have a better grip on the work .
819	chow down	to eat something, usually quickly or vigorously	Is the food ready yet ? I am hungry and ready to chow down all you have got .	Is the food ready yet ? I am hungry and ready to eat all you have got .
820	fast food	processed or packaged foods that are high in calories but low in nutrition	Nina loves French fries and other fast food .	Nina loves French fries and other junk food .
821	catch up	to be utterly fascinated by something	I was so caught up in the beauty of the art work that I failed to notice her .	I was so fascinated with the beauty of the art work that I failed to notice her .
822	keep an eye on	keep a watch on something or someone closely	The cops always kept an eye on the top trouble makers of the city to ensure that the festival period are not affected .	The cops always watch out for the top trouble makers of the city to ensure that the festival period are not affected .
