w1,w2,paraphrase
"drop","by ","an informal visit"
"join","the club ","A phrase used to express sympathy for a common experience."
"there's","no such thing as a free lunch ","to be aware of something that seems free of cost but may have a charge levied in another form"
"at","the end of the day ","when everything else has been taken into consideration."
"get","off ","to finish work and leave the place where you work at the end of the day"
"nail","it ","To succeed at something in a particularly impressive way."
"easy","come, easy go ","something, especially money, was easily obtained and is quickly used or spent"
"go","round in circles ","To waste one's time and energy engaging in trivial aimless or futile activities and failing to make any progress as a result."
"whole","nine yards ","all of it"
"let","sleeping dogs lie ","To leave a situation alone so as to avoid worsening it."
"tongue","in cheek ","with insincerity, irony, or whimsical exaggeration"
"bundle","up ","to dress warmly to protect oneself from the elements"
"as","easy as pie ","an easy thing"
"you","can't take it with you ","no one takes their wealth to next world after passing away"
"the","benefit of the doubt ","regards a person as innocent unless confirmed otherwise"
"taste","of own medicine ","when someone gets the same bad treatment that he has been giving others"
"at","the crossroads ","At a point when a choice must be made; at a point of change."
"see","eye to eye ","to agree fully with someone"
"lame","duck ","Someone or something that needs help."
"get","your feet wet ","start doing something that is new for you:"
"not","a pretty sight ","Very unpleasant; undesirable or unfortunate."
"ward","off ","protect against"
"cold","sweat ","the condition where extreme fear or nervousness causes a person to feel a chill along with moist skin or sweat"
"upper","crust "," the highest social class or group"
"act","of God ","an extraordinary interruption by a natural cause (such as a flood or earthquake) of the usual course of events that experience, prescience, or care cannot reasonably foresee or prevent"
"belly","up ","to fail"
"turn","out ","to arrive at an event"
"from","now on ","used to refer a time in the not so distant future"
"cut","and run ","To depart very quickly or By extension to leave a situation or arrangement as soon as things go awry."
"stay","up ","to remain awake late into the night"
"give","it a whirl ","To try something (often for the first time as a means of forming an opinion about it)."
"dream","come true ","fulfilment of a wish after a long time"
"cost","an arm and a leg ","very expensive or costing a lot of money"
"born","yesterday ","not a completely naive person"
"sell","like hot cakes ","be a great commercial success"
"have","eyes only for ","be attracted to someone exclusively"
"buzz","word "," word or phrase that is popular in a group of people"
"ignorance","is bliss ","to not get affected by something that is not known"
"pyrrhic","victory ","A victory that is not worth achieving because of the excessive toll it takes on the victor."
"at","loggerheads ","in conflict with someone; having reached an impasse"
"once","bitten, twice shy ","a bad experience cause to believe caution"
"take","a beating ","to get punished for something not done right"
"under","fire ","being thoroughly criticized"
"cash","in ","to get cash in exchange for"
"white","hat ","A virtuous or morally-sound person;a hero."
"couch","potato ","very lazy person"
"lion's","share ","the biggest part of something"
"in","the can ","complete and ready to be shown"
"bring","up ","to mention something or someone"
"dead","end ","a street, corridor, road, pipe etc., that has no exit"
"off","the cuff ","spontaneous, casual, extempore and informal remark"
"uncle","Tom Cobley and all ","used to denote a long list of people"
"smart","alec ","One who makes jokes and uses sarcasm in an attempt to seem witty but instead is deemed annoying."
"stir","up a hornet's nest ","To cause an upheaval."
"up","sticks ","To relocate from one's current residence."
"child's","play ","something that is very easy to do"
"pull","the wool over eyes ","to deceive someone"
"tick","off ","To complete an item on a list"
"shuffle","off this mortal coil ","To die."
"pull","a rabbit out of the hat ","do something unexpected or surprising"
"not","give a damn ","to not care"
"great","minds think alike ","Intelligent people come up with the same ideas at the same time."
"no","two ways about it ","No choice;alternative or other interpretation."
"up","in arms ","angry"
"quality","time ","well spent time"
"faint","of heart ","to be weak"
"start","from scratch ","to start doing something over from the beginning"
"harp","on ","To speak continuously about something that is not interesting"
"just","what the doctor ordered ","to be exactly what someone needs or wants"
"beard","the lion in his den ","to confront someone on his or her own territory."
"too","many chiefs and not enough indians ","Too many people want to be the leader, and not enough people are willing to follow to do the detail work."
"odds","and ends ","An assortment of small miscellaneous items especially those that are not especially important or valuable."
"avant-garde"," ","extremely modern and often seems strange or slightly shocking"
"the","lion's den ","a dangerous and difficult moment"
"not","the sharpest tool in the shed ","not very intelligent"
"round","the clock ","all hours of the day"
"town","and gown ","Town and gown are two distinct communities of a university town; 'town' being the non-academic population and 'gown' metonymically being the university community"
"the","last thing I want ","I don't want"
"knight","in shining armour ","used to describe someone who saves you from a difficult situation"
"shoot","the breeze ","To chat or converse aimlessly or casually without any serious topic of conversation."
"jekyll","and hyde ","A personality alternating between good and evil behavior"
"so-so"," ","average - neither bad and nor good"
"don't","put all your eggs in one basket ","don't put all your resources into one thing"
"fool's","paradise ","It is the state of happiness that is not considered real since it would be short lived, only until the truth is revealed"
"love","nest ","a place where two people who are having a romantic relationship live or meet each other"
"rub","the wrong way ","to be impolite or irritate someone"
"good","samaritan ","A person who selflessly helps others, especially those in distress."
"not","give a fig ","not have the slightest concern about."
"break","open ","to open something using force"
"jaw","drop ","One shows utter shock or great surprise especially upon learning unexpected news."
"vent","your spleen ","To voice one's anger."
"stop","by ","to be on a very short visit"
"bankers'","hours ","short working hours"
"burst","at the seams ","to be handling something which is beyond the normal capacity"
"rake","over the coals ","to scold or be angry at someone for doing something wrong"
"on","a full stomach ","Having just recently eaten to the point of being full."
"you","can't make an omelette without breaking a few eggs ","to take effort in order to achieve something nice"
"down","to earth ","sensible, practical and straightforward"
"dollars","to donuts ","a certainty of an event or activity"
"sink","or swim ","to fail or succeed."
"birds","of a feather flock together ","to form groups with people with similar interests and tastes"
"dead","as a dodo ","no longer alive or existing"
"off","the beaten track ","away from the frequently traveled routes / Little-known or in a remote or lesser-known area."
"lean","towards ","incline towards"
"run","the gauntlet ","To be exposed to or forced to endure a series of threats dangers criticism or other problems."
"in","a fog ","in a great confusion"
"betwixt","and between ","to be undecided about something"
"tie","the knot ","to get married"
"clear","the air ","get rid of all doubts and negative feelings"
"under","your belt ","In one's scope of experience./  safely or satisfactorily achieved; experienced; or acquired."
"eat","words ","to take back what was said"
"up","to scratch ","To be as good as what was expected, required, or demanded; to be satisfactory or adequate."
"everything","but the kitchen sink ","all the equipment that you need and also a lot of things that you do not need "
"wet","behind the ears ","to be inexperienced"
"walk","the plank ","to suffer punishment at the hand of someone."
"miles","to go before I sleep ","you have a lot to do before you can rest"
"been","there, done that ","A set phrase used to acknowledge that one has done or experienced something before either as a form of dismissal or of empathy."
"in","my book ","According to one's opinion judgment or values."
"bark","up the wrong tree ","waste one's efforts by pursuing the wrong thing or path"
"put","on a pedestal ","To believe or behave as if someone or something is perfect wonderful or better than others to the extent that one is unable to see its potential flaws or faults."
"fill","the bill ","to be the most suitable candidate for an activity, job or to carry a responsibility"
"cut","both ways ","To have good and bad effects at the same time."
"bits","and pieces ","small objects of jobs of many different types"
"throw","down the gauntlet ","to accept a challenge"
"go","downhill ","To steadily worsen."
"accidentally","on purpose ","as if by accident, but really by meaning"
"rat","race ","to be following a routine that is both, exhaustive as well as competitive"
"surgical","strike ","to cause injury or damage to the intended targets"
"yes","man ","a person who only agrees with the crowd or a group of people in order to please them or look good in front of them"
"in","full swing ","at the peak of activity; moving fast or efficiently."
"year","dot ","a very long time ago"
"bon","appetit ","enjoy your meal/food"
"cry","wolf ","to keep asking for help, even when you don't need it"
"new","blood ","new members of a group or organization who will bring new ideas and be full of energy"
"stab","in the back ","to deceive or betray someone who trusted you"
"bar","none ","For sure; unequivocally. or with no exceptions."
"no","smoke without fire ","There is usually truth behind a rumor; suspicion;or bad sign."
"dead","as a doornail ","absolutely dead"
"off","the shelf ","Ready made for purchase from available stock; not custom built or crafted"
"no","love lost ","two people who do not like each other"
"before","one can say Jack Robinson ","very suddenly"
"drain","the swamp ","rooting out the practice of corruption"
"bite","tongue ","to keep yourself from saying something that you really want to say"
"on","a roll ","having a long period of success or good fortune"
"nuts","and bolts ","The most basic fundamental or essential aspects of something."
"bone","of contention ","the subject of a dispute"
"sign","of the times ","something that signifies the situation evident in the current times./ Something regarded usually negatively as emblematic of the current time period."
"up","shit creek ","rude slang In a challenging or troublesome situation especially one that cannot be easily resolved."
"couldn't","care less ","do not care at all"
"sit","tight ","wait patiently"
"small","potatoes ","A tiny trifling and/or inconsequential person thing or amount (of something)."
"change","your tune ","To change one's attitude ; opinion; manner or stance on something typically in a way that is more positive or agreeable."
"touch","wood ","A superstitious expression said typically in combination with actually touching or knocking on a wooden object or surface when one desires something positive to continue lest the mention of it jinxor somehow reverse one's good fortune."
"silver","lining ","the situation may seem bad now but can turn for the better"
"drop","like flies ","drop out of a group in large numbers"
"hum","and haw ","To speak in an evasive, vague, roundabout way in order to avoid responding to a question or making a definite statement."
"wear","out ","to become diminished or useless from use"
"hit","the books ","to study very hard"
"wash","dirty linen in public ","to discuss in public one's private scandals, disagreements, or difficulties"
"cross","the bridge ","to delay worrying about something that might not happen anyway"
"in","the air ","it might be a change in the atmosphere or temperature"
"old","hat ","old fashioned"
"throw","the book at ","To charge or convict someone with as many crimes as is possible."
"made","it ","used to indicated the completion of a task"
"pull","leg "," joking around"
"six","of one, half a dozen of the other ","comparison between the two things which are identical"
"not","bat an eye ","To not display even a hint of an emotional response such as consternation; annoyance; sadness; joy etc."
"knee","jerk reaction ","an immediate reaction made without thinking"
"race","against time ","to be in a situation where the time is short , running out of time quickly"
"go","through the motions ","to make a feeble effort to do something; to do something insincerely or in cursory fashion."
"go","the whole hog ","To do something as thoroughly as possible or without restraint."
"follow","by ","come next in time or sequence"
"lay","a finger on ","To barely touch someone or something in the slightest way usually with the intention of harming them."
"scot-free"," ","free of blame"
"make","a pitch ","To make a presentation to influence others to support or purchase or agree to something."
"yellow","streak "," people who aren't courageous"
"in","light of ","because of certain knowledge now in hand; considering something."
"do","or die ","a situation in which you must take a big risk in order to avoid failure"
"to","beat the band ","To a huge or the greatest possible extent or degree."
"think","outside the box ","to be creative and produce something that is not usual"
"add","insult to injury ","to make a bad situation worse for someone who has already been treated badly"
"you","can't teach an old dog new tricks ","you cannot make others change their habits"
"chicken","feed ","A very paltry or minuscule amount of money; the absolute minimum amount."
"take","a chance ","To try to do something that has a high probability of having a negative or unfortunate outcome."
"at","your fingertips ","Easily or conveniently accessed accomplished or achieved."
"kick","the bucket ","to die"
"seal","of approval ","an official sign of approval"
"daylight","robbery ","A situation in which one is charged an exorbitant price."
"the","calm before the storm ","a calm peaceful situation that will not continue because a big argument, problem etc is coming"
"devil's","advocate ","one who presents a counter argument"
"blow","cover ","to reveal the true identity"
"fancy","free ","able to do anything you like because you do not have a family or other responsibilities"
"sitting","duck ","to be in a vulnerable position to be attacked"
"wild","goose chase ","spending time searching for something that is simply impossible to find"
"match","made in heaven ","two people who are perfect for each other"
"jobs","for the boys ","used in reference to the practice of giving paid employment to your friends, supporters, or relations"
"get","away with murder ","To avoid consequences for any of one's actions; to be able to do whatever one wants without consequences."
"flash","in the pan ","a sudden but brief success which is not repeated"
"not","just a pretty face ","To have distinguishing achievements, intelligence, skills, or abilities beyond what was or may have been assumed."
"blow","your own trumpet ","to say things that makes your own self or kin look good"
"against","the grain ","Be not what you would naturally or normally do"
"food","for thought ","something for someone to think about; issues to be considered."
"against","the clock ","in a great hurry to finish something before a particular time"
"out","on the town ","go out for entertainment or celebration"
"to","a nicety ","With great precision or accuracy."
"jack","of all trades ","A person who is skilled in many different areas."
"heart","touching ","something that moves you on an emotional level"
"in","cahoots ","In close often secretive or conspiratorial cooperation with someone."
"burn","the midnight oil ","work long hours and hard"
"lead","to believe ","To cause one to believe something especially if it is untrue."
"back","against the wall ","to be in a tough situation with limited options"
"be","in the same boat ","facing the same challenges as others"
"take","a rain check "," refuse an offer politely, but imply that it can be taken up later"
"let","bygones be bygones ","to forget something bad that someone has done to you and forgive them"
"make","head or tail of ","To understand someone or something. Usually used in the negative to convey the opposite."
"hang","on ","hold on or hold tightly"
"over","and over again ","again and again"
"catch","the sun ","To get sunburned."
"head","above water ","to manage to continue to live on your income or keep your business working when this is difficult because of financial problems"
"give","the devil his due ","give credit to an opponent's merits, grudgingly or not."
"night","owl ","prefers work at night time "
"strike","the chord ","to trigger a strong memory or feeling based on which there can be a mutual interest"
"far","cry from ","something that is very different from something else"
"flog","a dead horse ","waste energy on something that has no chance of succeeding"
"out","of the frying pan into the fire ","to go from a bad to worse situation"
"on","the mend ","to be getting better after an illness or after a difficult period"
"nothing","doing ","Under no circumstances; I will not permit it; absolutely not."
"by","chance ","something which was not planned to happen"
"heart","goes out to ","used to show a feeling of compassion for someone else during difficult times"
"bump","into ","to hit against something by mistake"
"bag","and baggage ","With all of one's possessions."
"stone's","throw ","very close to something"
"look","before you leap ","to think about the possible dangers or difficulties of something before doing it"
"blind","as a bat ","unable to see at all"
"zip","oneâ€™s lip ","to stop talking"
"cut","a dash ","To have a striking attractive and elegant appearance"
"go","spare ","To become very angry or irritated."
"vale","of tears ","Life or the world at large regarded as a source of sorrow strife or tragedy."
"new","kid on the block ","somebody is new in a place or organization and has many things to learn about it"
"playing","second fiddle ","to play a secondary or minor role with regards to someone else"
"up","to the hilt ","As much or to the greatest degree possible; completely or utterly."
"not","hurt a fly or flea ","To not be able to cause harm to anyone"
"bite","the bullet ","to avoid showing fear or discomfort in an unpleasant situation"
"if","it's the last thing I do ","to request someone to stay calm and not get annoyed"
"to","the letter ","Exactly as something is written or instructed."
"go","with the flow ","flexible; adaptable; workable; supple"
"way","forward ","an action plan that is devised to lead to a successful outcome"
"alive","and kicking ","healthy and active"
"run","for the hill ","To flee"
"on","the same page ","everyone in agreement"
"filthy","rich ","Someone who is rich beyond measure.,"
"too","clever by half ","Too contrived or arrogant in one's cleverness or intelligence to the point of being irritating to others."
"you've","made your bed ","to make a decision and to accept the consequences of those decisions"
"axe","to grind ","to have a strong personal opinion about something which is the reason why you do something"
"play","it by ear ","to do something without special preparation"
"up","in the air ","unresolved, undecided"
"down","to the wire ","to be finished or achieved with very little time left"
"hit","the nail on the head ","to precisely describe the cause of a problem or situation"
"get","a rise out of ","provoke an angry or irritated response from someone especially by teasing them"
"walk","on eggshells ","to be very diplomatic and inoffensive."
"any","port in a storm ","Any solution however unappealing is acceptable in times of trouble."
"set","in ways ","leading a fixed lifestyle"
"scratch","back ","do someone a favour hoping that a favour will be returned"
"know","the score ","to know the facts; to know the facts about life and its difficulties."
"bait","and switch ","Any deceptive practice in which the information initially presented is found to be untrue."
"blood","is thicker than water ","family relationships are more important than any other kind"
"on","the crest of a wave ","to be very successful"
"ants","in pants ","to be so excited or full of energy that you are unable to sit or stand still"
"go","the extra mile ","to try a little harder in order to achieve something, after you have already used a lot of effort"
"green","with envy ","wishing very much that you had something that someone else has"
"sixth","sense ","to have an intuition about something"
"cloud","nine ","very happy/excited"
"status","quo ","the current status of affairs, particularly about political or social matters"
"your","guess is as good as mine ","I do not know either; I have no idea."
"on","edge ","to be nervous, tense or unable to relax"
"look","no further ","used to say that something is exactly what someone wants or needs"
"on","doorstep ","to be near where someone lives"
"bang","for the buck ","A lot of value for little cost."
"go","to ground ","hide especially to escape from somebody who is chasing you"
"blow-by-blow","account ","an account that includes all the details of an event exactly as they happened"
"on","the case ","Working diligently on a particular task"
"when","in Rome, do as the Romans ","to copy popular culture in order to blend in"
"better","safe than sorry ","It is better to expend the time or effort to be cautious with one's actions than to feel regret about one's carelessness later."
"black","hole ","a place in which things are lost never to be seen again"
"crack","up ","to burst into laughter or to laugh non-stop"
"cock","and bull story ","complicated, ridiculous, or unbelievable story"
"not","cricket ","It isn't fair, sportsmanlike, or legitimate."
"shades","of grey ","a state of uncertainty where things are ambiguous"
"not","at all ","not even a little bit"
"on","the brink of ","to be on the verge of doing something"
"blood","on hands ","to have caused someone’s death"
"bums","on seats ","If a performer or performance puts bums on seats, they attract large audiences."
"rule","out ","to decide that something is not possible or suitable"
"toss-up"," ","a situation where two or more possibilities are equally likely"
"cheek","by jowl ","Positioned very close together."
"a","piece of cake ","very easy task"
"put","your best foot forward ","To try to act as an ideal version of oneself, typically to try to impress others. / embark on an undertaking with as much speed, effort, and determination as possible."
"pass","away ","to refer to someone dying in order to avoid upsetting someone with the news of the death"
"dog","in the manger ","one who prevents others from enjoying something despite having no use for it"
"be","in hand ","To be stable and controlled."
"all","ears ","saying that you are all ears means the other person has got your full attention in terms of listening to him"
"pour","cold water on ","to criticize someone’s plan, idea, or desire to do something so much that they no longer feel excited about it"
"go","west ","To die"
"run","into the sand ","To be stymied; obstructed; or foiled; to reach a point where one cannot make any further progress."
"pipe","down ","to reduce noise"
"a","bed of roses ","a comfortable or luxurious position"
"in","the bag ","assured of a successful result"
"pep","talk ","a speech intended to make someone feel more courageous or enthusiastic"
"throw","in the towel ","To give up on some endeavor; to quit or abandon something; to admit defeat or failure."
"unknown","quantity ","A person or thing that is unpredictable and thus difficult to anticipate."
"can","of worms ","something that is complicated and involves a lot of hassle (to do)"
"give","up the ghost ","Of a machine to stop working."
"the","ayes have it ","The majority has voted in favor"
"in","tandem ","group of two things or people working together"
"game","on ","A phrase used when one is ready to meet or pursue a particular challenge."
"camp","follower ","a person who is supportive of the cause, person or organisation"
"too","many cooks spoil the broth ","If too many people try to control, influence, or work on something, the final product will be worse as a result."
"smack","dab ","precisely"
"have","a soft spot ","like someone a lot"
"not","all there ","not mentally adequate; crazy or silly."
"not","to be sneezed at ","To not be something that should be ignored, passed over, dismissed, or treated with disdain; to not be trivial or inconsequential."
"music","to ears ","something that makes you very happy or pleased"
"the","last straw "," to be the last tolerable thing after which something cannot be accepted"
"pat","on the back ","an expression of appreciation or compliment"
"save","face ","To be able to correct an action that could have caused embarrassment."
"let","your hair down ","relax and enjoy yourself, and do not worry about being dignified or behaving correctly."
"at","the coalface ","engaged in work at an active rather than a theoretical level in a particular field/ where the real work is done, not just where people talk about it"
"sing","the praises of ","To speak very highly of someone or something; to enthusiastically endorse someone or something; to extol the virtues benefits or good qualities of someone or something."
"cave","in ","to collapse"
"when","all is said and done ","when everything is finished and settled; when everything is considered."
"give","the slip ","to escape from someone"
"it's","a small world ","used to express surprise that events or people at different places are somehow connected"
"mum's","the word ","keep silent and not reveal something"
"go","to town ","To act with great energy and/or enthusiasm or To do something to excess or in an uninhibited manner."
"mull","over ","to spend a large amount of time considering ones options before making a decision"
"take","no prisoners ","By extension to be utterly ruthless with ones opposition and uncompromising or unyielding in the pursuit of one's agenda or goal."
"curiosity","killed the cat ","Inquisitiveness can be dangerous, especially when it extends to things one does not need to know about."
"earworm"," ","a situation when a song that comes to your mind again and again,"
"lie","low ","To go out of sight, usually after having done something bad"
"when","the chips are down ","at the final; critical moment; when things really get difficult."
"break","a leg ","good luck"
"up","for grabs ","Available to anyone; unclaimed."
"indian","summer ","A period of unseasonably warm weather in early fall."
"first","light ","sunrise or sunup"
"down","the pan ","reach a stage of abject failure or uselessness."
"still","waters run deep ","someone who is quiet may have very strong feelings or a lot of knowledge"
"dribs","and drabs ","in small irregular quantities"
"all","Greek to me ","to say that you cannot understand something"
"make","the best of ","to look for a positive side of a seemingly negative situation"
"keep","body and soul together ","to survive or exist, especially in difficult circumstances"
"time","flies ","time seems to elapse very fast"
"get","your teeth into ","To start doing or become involved in something with one's utmost energy, determination, or enthusiasm."
"get","in touch ","establish communication with someone;"
"under","the gun ","In a stressful situation that requires quick action often to meet a deadline; under pressure."
"put","your cards on the table ","To solve a very challenging or daunting problem decisively."
"cross","check ","verify (figures or information) by using an alternative source or method."
"mad","at ","to be angry at a person or situation"
"blazing","row ","a big fight or quarrel"
"on","a shoestring ","On or within a very tight or limited financial budget."
"upset","the apple cart ","to mess up or ruin something."
"under","lock and key ","Securely hidden away."
"spanner","in the works ","a roadblock that prevents an activity from succeeding"
"has-been"," ","to have had a wonderful past but no present or future in the field"
"get","on nerves ","to bother and distract someone during work"
"just","in case ","as a way of being safe from something that might happen or might be true"
"fit","of anger ","to throw a tantrum"
"twist","the knife ","To add to exacerbate or amplify a betrayal or wrong by further malicious actions."
"come","to pass ","to happen"
"cold","turkey ","stop a habit (esp. bad habit) suddenly"
"make","light work of ","To deal with finish or dispose of someone or something very quickly or handily."
"siren","song ","Something that is seductive enticing or appealing but that is or may prove to be dangerous destructive or disastrous."
"practice","makes perfect ","to keep practicing to get better at (certain) skills"
"save","your breath ","to not waste effort on something that has no outcome"
"building","blocks ","something that is a basic element (of the subject)"
"page-turner"," ","a thrilling book"
"level","playing field ","a situation in which different companies, countries etc can all compete fairly with each other because no one has special advantages"
"money","for jam ","To be a very quick and easy way to earn money."
"cry","over spilt milk ","to be upset about things that have already been done"
"call","of the wild ","Raw emotions, mostly volatile in nature are represented through this phrase"
"a","burnt child dreads the fire ","everyone avoids repeating a hurting experience again in life"
"baby","blues ","The depression that is caused to new mothers after childbirth"
"the","ball is in somebody’s court ","it is their turn to take action or to reply"
"add","fuel to the flames ","cause circumstances or dispute to become further excessive"
"spin","a yarn ","to tell a long & fanciful story"
"a","needle in a haystack ","someone or something that is very hard to find"
"jockey","for position ","To compete against others for a desirable role or thing."
"go","from strength to strength ","To become increasingly successful or improved."
"follow","your nose ","To trust one's instinct when making a judgment or decision or taking action."
"laugh","all the way to the bank ","to be very happy about money that has been earned by doing something that other people might think is unfair or that they criticized."
"under","the microscope ","Under close inspection or intense scrutiny."
"get","your hands dirty ","To do hard work often manual labor or To be involved in something illegal or unseemly."
"down","the drain ","to waste something"
"right","away ","to do something immediately"
"set","off ","to make someone very angry"
"rule","of thumb ","a guide that is based on practice rather than theory"
"tickled","pink ","excited and happy"
"smell","blood ","to be ready for a fight; to be ready to attack; to be ready to act."
"take","heart ","to stay confident and positive"
"hit","the sack "," to go to sleep"
"puppy","love ","a young person’s romantic love for someone, which other people do not think is serious"
"beat","a hasty retreat ","to leave a place because it is dangerous or unpleasant"
"beat","about the bush ","To speak vaguely or euphemistically so as to avoid talking directly about an unpleasant or sensitive topic"
"lend","a hand ","To help one; to give one assistance."
"the","squeaky wheel gets the grease ","to get something fixed, it is required to make a noise to get attention"
"at","the drop of a hat ","without any planning and for no obvious reason"
"take","pride ","To take satisfaction in be proud of or highly value something one owns has done or is renowned for."
"mind","over matter ","intellectual powers overriding threats or difficulties or problems."
"get","your skates on ","To hurry up or move faster."
"bend","over backwards ","make every effort to do something, especially to help someone"
"a","picture is worth a thousand words ","a picture conveys information more effectively than words"
"have","the audacity ","rude or disrespectful behavior; impudence."
"nothing","to write home about ","Not especially impressive, remarkable, or noteworthy; rather dull, mediocre, uninteresting, or unimportant."
"go","on and on ","To continue or speak for a tedious or exasperating length of time."
"grasp","at straws ","To make a desperate attempt to salvage a bad situation."
"go","through the mill ","To be abused or treated very harshly; to suffer intense anguish, stress, or grief."
"change","of heart ","a shift to a different opinion or thought"
"at","full tilt ","As fast as something or someone can go."
"pie","in the sky ","fantasy"
"cut","loose ","To behave in a relaxed or uninhibited manner."
"a","dime a dozen ","something that is very common and not of much value"
"clam","up ","to not give out any information"
"cross","the rubicon ","To cross the Rubicon means to make a decision or take a step that commits one to a specific course of action from which there is no turning back."
"sell","someone out ","to betray someone"
"keep","your chin up ","be stalwart and courageous in a tough situation"
"in","your face ","a bold, defiant or aggressive manner"
"eager","beaver ","someone who is too keen and works harder than they should"
"sick","to death ","totally disgusted with someone or something."
"a","blessing in disguise ","something that seems to be bad or unlucky at first, but which you later realize is good or lucky"
"tired","and emotional ","A semi-polite or humorous euphemism for drunkenness."
"toe","the line ","To adhere to the rules of something."
"double","whammy ","double blow or setback"
"take","into account ","bear in mind, consider"
"better","the devil you know ","When faced with two options it is better to choose the more familiar one even if it is undesirable."
"no","spring chicken ","a person well past youth; an old person."
"good","offices ","Aid or support given to others often from a position of influence."
"cry","uncle ","To admit defeat or plead for mercy, especially in an informal physical contest of some kind."
"call","it a day ","stop doing something, especially working"
"high","roller ","a wealthy person or company who spends their money in a risky way, often by making risky investments that can offer large rewards"
"tell","it like it is ","To speak bluntly directly and truthfully, even if what is being said is undesirable to the listener."
"next","of kin ","your closest living relative or relatives"
"miss","the boat ","being too slow to take advantage of an opportunity"
"big","cheese ","to be an important and successful individual"
"walk","on eggshell ","to be careful about one's words or actions around another person"
"bear","fruit ","to yield results."
"cut","the crap ","get to the point; state the real situation.Often used as an imperative."
"pot","calling the kettle black ","to accuse someone of being a hypocrite"
"tempt","fate ","To do something that one knows is dangerous or likely to have a negative outcome./To invite bad luck or unpleasant situations by showing one's confidence in something."
"stiff","upper lip ","to keep your emotions in control and not show when you are upset"
"moment","of truth ","The moment or point at which some critical and decisive event action or test will occur."
"keep","your friends close and your enemies closer ","to keep a keen eye on enemies beyond what one might have on their friends"
"for","a song ","very cheaply"
"no","time like the present ","If something is a good idea is worth doing or needs to be done it should be done now or as soon as possible."
"cut","from the same cloth ","Very similar in characteristics or behaviors."
"spine-tingling"," ","to be very horrific"
"go","through a rough patch ","experience a difficult or unpleasant period of time"
"apple","of discord ","a subject of contention and envy"
"all","the rage ","when something is the height of popularity"
"zenith","of career or life ","the apex of a person's career or life"
"turn","turtle ","to turn on one's side or upside down"
"win","the day ","To be successful."
"baker's","dozen ","not 12 in numbers but 13"
"full","of the joys of spring ","Very happy / lively and cheerful."
"deja","vu ","a feeling that one has already experienced something that is happening currently"
"piece","of writing ","the work of a writer"
"be","happy camper ","a comfortable contented person."
"dish","fit for the gods ","the food is so good that it is good enough to be served to a God"
"wag","the dog ","to divert attention from something that is bad"
"loose","cannon ","someone who behaves in an unexpected and uncontrolled way and is liable to cause problems"
"cuckoo","in the nest ","Someone in a group who is seen as different and ostracized by their peers."
"at","death's door ","to be very ill and likely to die"
"two","heads are better than one ","two people who are trying to solve a problem together achieve more than one person who works alone"
"on","and off ","Irresolute; wavering in certainty or constancy; inconsistent."
"dark","horse ","someone who is not well known, and who surprises people by winning a competition"
"under","the wire ","just barely in time or on time."
"weak","in the knees ","to be overcome by a strong feeling"
"choke","up ","make a person become overemotional and speechless"
"ballpark","figure ","an estimate of what the actual figure will be like"
"drive","crazy ","to disturb or irritate someone"
"at","odds ","two things that seem to be opposites"
"smoke","and mirrors ","Trickery deception or misdirection."
"beer","and skittles ","all fun and pleasure; easy and pleasant."
"last","hurrah ","A final act achievement or effort. / A final appearance as at the end of one's career; the last time for doing something."
"field","day ","a time of extraordinary pleasure or opportunity"
"castles","in the air ","make plans or hopes that have very little chance of happening"
"put","at ease ","To calm comfort or reassure oneself; to make oneself comfortable or relaxed."
"at","daggers drawn ","to be in a state of open hostility"
"to","a T ","in an exact manner"
"tip","of the iceberg ","to not have the full scope of an issue"
"slow","but sure ","Slow or incremental but yielding steady dependable progress."
"go","out with ","have a romantic relationship with someone"
"white","lie ","to lie about a small or unimportant matter"
"make","a point of ","To consciously and deliberately make an effort to do something."
"leave","it at that ","To take no further action or say nothing more about something."
"button","your lip ","to stop speaking"
"doozy"," ","it is an unusual thing, could relate to being positive or negative, although originally the phrase was meant as a positive."
"lay","an egg ","To do something very poorly."
"armed","to the teeth ","carrying many weapons"
"in","the black ","to be in a profitable condition (usually referred to businesses)"
"dead","ringer ","A duplicate of the exact nature"
"make","good ","To succeed or complete or fulfill something or To repay or repair something; to amend or correct something."
"get","under skin ","to be irritating"
"in","one ear and out the other ","Essentially ignored dismissed or forgotten almost immediately after being heard (as of something spoken)"
"big","deal ","a matter of importance"
"take","up the cudgels ","argue strongly in support or against somebody or something"
"crash","and burn ","To fail at something completely and dramatically."
"doldrums"," ","in a low or lethargic state"
"fall","for ","to fall in love with someone"
"get","a grip ","To control one's reactions or emotions. Often used as an imperative urging someone to calm down."
"labour","of love ","a task done for the pleasure of doing it, not for gains or rewards"
"live","wire ","someone who is very active and has a lot of energy"
"taste","blood ","to experience something exciting and perhaps dangerous for the first time."
"sleight","of hand ","the display of skilful especially deceptive dexterity or cunning."
"tough","as old boots ","Having great strength of body mind or will; not susceptible to sickness or injury."
"get","goat ","irritate somebody"
"in","the ascendant ","to be or become powerful or popular"
"up","and about ","to come out of the bed after an illness or injury"
"stand","the test of time ","to be well regarded; to last for a long time."
"stack","the deck ","to arrange something in a manner that either someone will gain a wrong disadvantage or a person would get an unfair advantage"
"over","and above ","to do more than what is expected"
"run","a mile ","To avoid something in any way possible."
"get","wind of ","To become aware of something especially something being kept secret through indirect means"
"run","amok (amuck) ","to suddenly behave in a very violent and uncontrolled way"
"pig","in a poke ","something that is bought without examining properly"
"off","the mark ","Inaccurate or wrong."
"keen","as mustard ","Very excited and enthusiastic"
"beef","up ","to build something stronger or more efficient"
"in","the cross hairs ","in a position where one might receive severe criticism"
"bite","the hand that feed ","to reflect ingratitude towards a someone who has been helpful"
"brought","forward ","to bring something in front (could be facts or figures too)"
"leg","it ","to run in order to escape from someone or something"
"go","straight ","to move forward in the direction one is facing."
"small","beer ","A tiny trifling and/or inconsequential person or thing or amount (of something)."
"mean","business ","To be grave and resolute; to be serious about what one is promising or proposing to do."
"take","turns ","to do something in turns"
"over","the top ","excessive, exaggerated"
"method","to madness ","there's a reason for someone's strange behavior"
"sign","on the dotted line ","to indicate one's agreement to something."
"off","the record ","an informal or unofficial statement"
"shipshape","and bristol fashion ","In perfect order; existing, functioning, or operating exactly as desired, intended, or expected."
"just","deserts ","get what one deserves"
"third","time's a charm ","to say that when a person tries to do something, it works out at the third attempt"
"household","name ","to be known across a region, in every household"
"crack","of dawn ","sunrise or sunup"
"zero-sum","game ","a situation where one side cannot win unless the other loses"
"icing","on the cake ","when something good is added to another good thing that you already have"
"take","courage ","The state or quality of mind or spirit that enables one to face danger; fear; or vicissitudes with self-possession, confidence, and resolution; bravery"
"in","broad daylight ","Out in the open during the daytime when anyone can see what's happening."
"as","bald as a coot ","Totally bald"
"full","speed ahead ","Moving or proceeding with the utmost speed energy or enthusiasm."
"pin","money ","A small sum paid for a small service."
"until","the cows come home ","for an indefinite time"
"let","the cat out of the bag ","to tell someone a secret, especially without intending to"
"wake","up and smell the coffee ","Pay attention to what is happening."
"wide","of the mark ","By extension inaccurate or wrong."
"on","pins and needles ","being worried, anxious or nervous"
"necessary","evil ","something unpleasant that must be done in order to achieve a goal or objective"
"cut","some slack ","give someone a break"
"leave","at the altar ","to not get married because the person one was going to marry has decided against it at the last moment"
"can't","stand the sight of ","cannot tolerate someone"
"bread","and butter ","someone's livelihood."
"go","to your head ","Of an accomplishment to cause one to become arrogant."
"two-way","street ","A situation or relationship between two people or groups in which action is required from both parties; something that works both ways."
"get","the wrong end of the stick ","to understand a situation in completely the wrong way"
"qui","vive ","on the alert or lookout"
"self-made","man ","to come up the social, economic or financial ladder by one's self, without asking for or taking help"
"catch","my eye ","To attract one's interest especially due to being visually appealing or attractive."
"love","child ","a child whose parents are not married "
"means","to an end ","a necessary action carried out just to achieve a goal"
"kiss","and make up ","to become friendly again after a fight or disagreement"
"whoop","it up ","to celebrate, especially with cheers and whoops."
"in","a row ","something that occurs in a sequence"
"get","cracking "," to start working on something right away"
"in","the meantime ","to do something while waiting for something expected to happen"
"neck","and neck ","close to an equivalent level especially in a race or a competition"
"up","to the mark ","to meet a minimum standard of quality"
"under","the influence ","Intoxicated."
"saved","by the bell ","to be rescued at the last moment before harm comes"
"put","up with ","To abide or endure someone or something that one finds unpleasant inconvenient or annoying"
"go","overboard ","to do too much; to be extravagant."
"odd","one out ","Something or someone that is decidedly or markedly different atypical or unusual in comparison to others in a group."
"die","in harness ","keep working to the end"
"toot","one's own horn ","to draw attention to one's self"
"all","and sundry ","everyone"
"foot","the bill ","pay the bill"
"make","history ","Do something memorable or spectacular enough to influence the course of history,"
"veg","out "," to take things slow and easy"
"go","so far as to ","To do something extreme or risky or controversial. Often used in the negative."
"rise","and shine ","to wake up and get out of bed"
"cup","of joe ","a cup of coffee"
"throw","the baby out with the bathwater ","to remove something good in the bid of getting rid of something bad"
"long","run ","a time duration comprising of a sequence of events"
"bona","fide ","to be genuine, verified"
"wind","up ","to provoke someone on purpose"
"have","no truck with ","avoid dealing or being associated with"
"forty","winks ","sleep for a while, mostly during the day"
"leave","well alone ","To refrain from changing disturbing or becoming involved in something so as to avoid unintentionally causing (or worsening) problems."
"a","cut above ","someone or something much better than someone else or something else"
"suited","and booted ","well dressed"
"walk","all over ","to treat someone or something very badly; to beat someone or something soundly in a competition."
"make","due ","It means to make the best use of whatever is provided in the unsuitable situation."
"fair-weather","friend ","used to refer a friend who is not reliable in difficult times,"
"go","it alone ","To do something without others' help or accompaniment."
"buck","up ","to summon the courage to do something"
"make","short work of ","To deal with finish or dispose of someone or something very quickly or handily."
"screw","up "," to make someone confused or mentally disturbed"
"gather","dust ","To be unused or forgotten, especially for a long period of time."
"crocodile","tears ","fake tears of regret"
"bitter","medicine ","something which is difficult to accept or hard to come to terms with"
"banana","republic ","A small country often led by a corrupt government whose economy depends upon either one internally-produced commodity or the revenue generated by foreign companies or investors."
"never","mind ","to ensure someone that something is not important"
"go","up in smoke ","To fail or stop."
"when","it rains, it pours ","something good or bad occurring multiple times within a short span of time"
"first","things first ","Sometimes I just decide to ignore the news for a few days, since ignorance is bliss."
"batten","down the hatches ","to get ready for trouble"
"an","item ","be involved in a romantic relationship"
"not","much cop ","Not very good; not noteworthy or exceptional at all."
"your","call ","someone else finalises the decision"
"put","your heads together ","To work together to come up with an idea or solution."
"pull","strings ","To use the power or influence one has over others especially people of importance to get what one wants or to help someone else."
"fortune","favours the bold ","being a brave is often rewarded"
"hissy","fit ","To throw a tantrum."
"time","after time ","to repeat something"
"every","nook and cranny ","every part of a place"
"chill","to the marrow ","to be very scared"
"burn","rubber ","to run a car engine so fast that one spins the tires so that rubber is left on the street."
"ten","a penny ","Very common ordinary or widespread."
"break","the mould ","to be new or different"
"that's","the way the cookie crumbles ","no matter how unfair the situation is, it must be accepted"
"sling","your hook ","To go away; to vacate some place."
"beat","around the bush ","speak in a roundabout, indirect or misleading way"
"end","of the day ","to give your final opinion after considering all the possibilities"
"cut","the gordian knot ","To solve a very challenging or daunting problem decisively."
"smoke","like a chimney ","to smoke a great deal of tobacco or other smokable substances."
"let","alone ","The phrase is used to emphasize that if other more significant or pressing things are not possible or cannot be accommodated a lesser thing certainly is not or cannot either."
"no","sweat ","Not something difficult to handle or deal with; not a problem or difficulty."
"go","begging ","To be available for one to take or claim."
