stunning loss	Shocking defeat#####Overwhelming setback#####Astonishing failure#####Unexpected and crushing disappointment#####Staggering and unbelievable loss
undivided attention	Complete focus#####Fully concentrated#####Wholehearted attentiveness#####Entire devotion#####Exclusive concentration
completely tired	Utterly exhausted#####Thoroughly fatigued#####Drained of all energy#####Worn out entirely#####Totally spent and weary
big problem	Significant issue#####Major difficulty#####Substantial challenge#####Serious trouble#####Considerable dilemma
considerable light	Significant illumination#####Ample brightness#####Substantial luminosity#####Notable radiance#####Extensive glow
voracious reader	Avid book consumer#####Insatiable devourer of literature#####Passionate and hungry for written works#####Reads extensively with great enthusiasm#####Consumes books with an unquenchable appetite
big river	Large waterway#####Substantial flowing body of water#####Mighty stream#####Expansive river system#####Vast fluvial course
great relief	Immense comfort#####Tremendous solace#####Significant ease#####Profound respite#####Remarkable alleviation
enormous influence	Significant impact#####Tremendous sway#####Profound effect#####Immense power#####Huge leverage
staggering losses	Overwhelming financial deficits#####Huge, destabilizing setbacks#####Immense, shocking damages#####Devastating, crippling costs#####Massive, debilitating shortfalls
completely different	Entirely distinct#####Utterly dissimilar#####Totally unlike#####Absolutely contrasting#####Wholly diverse
guilty as sin	Undeniably culpable#####Unquestionably at fault#####Indisputably responsible for wrongdoing#####Clearly and definitively guilty#####Absolutely blameworthy beyond doubt
careful consideration	Thorough deliberation#####Mindful contemplation#####Thoughtful reflection#####Attentive analysis#####Prudent examination
fatal shooting	Deadly gunfire#####Lethal gun attack#####Tragic firearm incident#####Mortal shooting event#####Life-ending bullet wounds
closely monitor	Watch carefully#####Keep a close eye on#####Observe attentively#####Scrutinize closely#####Vigilantly supervise#####
decisive role	Crucial influence#####Key factor#####Pivotal part#####Significant impact#####Critical function
close race	Tight competition#####Neck-and-neck contest#####Evenly matched competitors#####Narrow margin between contenders#####Photo finish event
serious defect	Significant flaw#####Major imperfection#####Grave shortcoming#####Severe fault#####Critical deficiency
heated protest	Passionate demonstration#####Intense opposition#####Fiery dissent#####Fervent objection#####Vehement remonstration
make money hand over fist	Earn large profits quickly#####Amass wealth rapidly#####Generate substantial income swiftly#####Rake in cash at an impressive rate#####Accumulate money at a staggering pace
splitting headache	Severe, intense pain in the head#####Extremely painful headache#####Unbearable, throbbing pain in the skull#####Excruciating head pain that feels like splitting#####Agonizing headache causing a sensation of head being split apart
good hold	Firm grip#####Secure grasp#####Strong clutch#####Tight clasp#####Solid hold
extreme suffering	Intense agony#####Profound anguish#####Severe torment#####Excruciating pain#####Unbearable misery
fail badly	Suffer a significant setback#####Experience a devastating failure#####Fail in a terrible manner#####Undergo a disastrous defeat#####Encounter a catastrophic downfall
poles apart	Completely different#####Utterly dissimilar#####Diametrically opposed#####Worlds apart#####Vastly contrasting
lead role	Main character#####Starring part#####Principal actor or actress#####Protagonist#####Primary performer
bitter resentment	Deep-seated anger#####Intense grudge#####Strong feelings of bitterness#####Profound sense of animosity#####Seething displeasure and indignation
lively debate	Energetic discussion#####Spirited exchange of ideas#####Vigorous argument#####Animated dialogue#####Dynamic discourse
paramount concern	Top priority#####Of utmost importance#####The primary consideration#####The most critical issue#####The main focus of attention
flatly deny	Completely reject#####Absolutely refuse#####Firmly negate#####Categorically repudiate#####Unequivocally disavow
violently criticize	Harshly condemn#####Vehemently denounce#####Fiercely berate#####Aggressively reprimand#####Severely castigate
strong wind	Forceful gust#####Powerful breeze#####Intense air current#####Mighty wind blast#####Vigorous atmospheric movement
heavy sigh	A deep, weary exhale#####An audible breath expressing sadness or frustration#####A forceful, melancholic exhalation#####A profound sigh conveying emotional weight#####A burdened, drawn-out breath
comprehensive reform	Thorough overhaul of a system#####Complete restructuring and improvement#####Wide-ranging changes for betterment#####Exhaustive revamp and modification#####All-encompassing enhancements and corrections
widely divergent	Greatly differing#####Vastly dissimilar#####Significantly varied#####Substantially distinct#####Extremely diverse
great precision	Extremely accurate#####Highly exact#####Meticulous and precise#####Pinpoint accuracy#####Unerring precision
drastically reduce	Significantly decrease#####Substantially cut down#####Greatly diminish#####Considerably lessen#####Markedly lower
stringent condition	Strict requirement#####Rigorous stipulation#####Uncompromising term#####Exacting prerequisite#####Demanding criterion
bored stiff	Extremely bored#####Utterly uninterested#####Mind-numbingly dull#####Exceedingly tedious#####Boredom at its peak
first approximation	Initial estimate#####Rough calculation#####Preliminary assessment#####Tentative estimate#####First-order approximation
faint applause	Weak clapping#####Unenthusiastic praise#####Halfhearted approval#####Subdued recognition#####Muted acclaim
meager living	Scant earnings#####Insufficient income#####Barely making ends meet#####Minimal subsistence#####Struggling to get by
weak flow	Feeble current#####Sluggish movement of fluid#####Low-pressure stream#####Minimal liquid motion#####Slow-moving flow
slight doubt	A hint of uncertainty#####A small amount of skepticism#####A trace of reservations#####A modicum of hesitation#####A touch of apprehension
weak coffee	Coffee with low caffeine content#####Diluted coffee lacking strong flavor#####Coffee made with insufficient grounds#####Thin, watery coffee#####Coffee with a mild taste
low pressure	Minimal stress or urgency#####Relaxed and easygoing environment#####Situation with little to no coercion#####Atmosphere of reduced expectations#####Conditions that allow for calmness and tranquility
indifferent success	Moderate achievement#####Unremarkable accomplishment#####Average outcome#####Mediocre performance#####Lackluster results
mild wind	Gentle breeze#####Soft air current#####Light gust#####Tender zephyr#####Delicate draft
bad taste	Poor judgment or lack of style#####Unpleasant or undesirable quality#####Offensive or inappropriate choice#####Lacking refinement or sophistication#####Distasteful or vulgar preference
drunk slightly	Mildly intoxicated#####Somewhat inebriated#####Feeling a bit tipsy#####Having a light buzz#####Under the influence of a small amount of alcohol
limp response	Weak reaction#####Feeble reply#####Half-hearted answer#####Unenthusiastic response#####Listless retort
lax security	Weak protection measures#####Inadequate safety protocols#####Insufficient defense mechanisms#####Subpar security standards#####Careless safeguarding practices
petty crime	Minor offenses#####Small-scale illegal activities#####Less serious criminal acts#####Misdemeanors and infractions#####Low-level law violations
limited variety	Restricted selection#####Narrow range of options#####Scant diversity#####Minimal assortment#####Constrained choice
flimsy argument	Weak and unconvincing reasoning#####Poorly supported or baseless claim#####An argument that lacks substance#####Easily refutable or dismissible point#####Fragile and unpersuasive line of thought
a few flurries	Light snowfall#####Sporadic snow showers#####Intermittent snowflakes#####Occasional bursts of snow#####Scattered flurries
minor crime	Small-scale illegal activity#####Less serious criminal offense#####Petty unlawful act#####Misdemeanor or infraction#####Non-violent, low-level crime
little progress	Minimal advancement#####Slow development#####Slight improvement#####Insignificant gains#####Barely moving forward
lax standard	Lenient criteria#####Relaxed requirements#####Loose guidelines#####Slack regulations#####Permissive benchmarks
slight illness	Minor health issue#####A small, non-serious ailment#####A mild sickness or disorder#####An insignificant medical condition#####A trivial case of ill health
weak hope	Faint possibility#####Slim chance#####Fragile optimism#####Tenuous expectation#####Feeble anticipation
low blood pressure	Hypotension#####Decreased arterial pressure#####Below normal blood pressure#####Insufficient pressure in the circulatory system#####Lower than usual force of blood against artery walls
small mistake	Minor error#####Slight oversight#####Trivial blunder#####Inconsequential slip-up#####Tiny inaccuracy
gross approximation	Rough estimate#####Crude calculation#####Imprecise reckoning#####Ballpark figure#####Broad estimation
vague smile	An unclear, indistinct smile#####A smile lacking definition or clarity#####An ambiguous facial expression resembling a smile#####A smile that is hard to interpret#####An enigmatic smile, open to interpretation#####
coarse grind	Roughly ground#####Large, uneven particles#####Chunky texture#####Not finely milled#####Granular consistency
briefly review	Concisely summarize#####Quickly go over#####Give a short overview#####Succinctly examine#####Rapidly assess
fleeting memory	Short-lived recollection#####Ephemeral remembrance#####Transient mental impression#####Brief cognitive trace#####Momentary mind's eye image
small distance	Short length#####Nearby#####Close proximity#####Not far#####Little space between
light dress	Thin, lightweight clothing#####Garments made from breathable, airy fabric#####Attire suitable for warm weather#####Non-bulky, comfortable clothing#####Breezy, easy-to-wear outfits
light nap	Brief sleep#####Short rest#####Quick snooze#####Momentary doze#####Fleeting slumber
slightly doubt	Mildly uncertain#####Somewhat skeptical#####Vaguely question#####Faintly suspicious#####Moderately dubious
homely fare	Simple, comforting food#####Basic, wholesome meals#####Humble, unpretentious cuisine#####Plain, hearty dishes#####Rustic, down-to-earth cooking
small importance	minor significance#####little consequence#####minimal relevance#####inconsequential value#####trivial weight
small portion	Tiny amount#####Little bit#####Miniature serving#####Modest helping#####Meager share
weak personality	Lacks assertiveness and confidence#####Easily influenced by others#####Struggles to make decisions independently#####Tends to be submissive and passive#####Avoids confrontation and yielding to pressure
careless security	Negligent safeguarding#####Lax protection measures#####Inattentive safety procedures#####Reckless defense protocols#####Heedless precautionary practices
near future	Soon#####In the coming days#####Before long#####Just around the corner#####Within a short time
careful analysis	Meticulous examination#####Thorough investigation#####Detailed study#####Precise evaluation#####Comprehensive assessment
successful attempt	Effective effort#####Triumphant try#####Fruitful endeavor#####Accomplishing the goal#####Victorious venture
genuine respect	Sincere admiration and regard#####Authentic appreciation and esteem#####Heartfelt deference and honor#####Unfeigned reverence and veneration#####True recognition and consideration
clear message	Explicit communication#####Unambiguous statement#####Unmistakable signal#####Straightforward information#####Precise and concise point
natural death	Dying from non-violent causes#####Passing away without external intervention#####Expiring due to age or illness#####End of life through natural processes#####Mortality resulting from inherent biological factors
speak fluently	Talk with ease#####Communicate effortlessly#####Express oneself smoothly#####Articulate thoughts fluidly#####Converse without hesitation
realistic objective	Achievable goal#####Attainable target#####Feasible aim#####Practical purpose#####Sensible aspiration
clear signal	Unambiguous message#####Distinct indication#####Unmistakable sign#####Obvious communication#####Lucid directive
soundly criticize	Strongly disapprove#####Harshly condemn#####Firmly denounce#####Severely reprimand#####Vehemently rebuke
prescient prediction	Foresighted forecast#####Insightful prognosis#####Prophetic projection#####Clairvoyant foreshadowing#####Visionary anticipation
high morale	Positive attitude and confidence#####Strong enthusiasm and motivation#####Elevated spirit and optimism#####Great sense of purpose and determination#####Excellent mental state and resilience
fair witness	Impartial observer#####Unbiased testimony#####Neutral spectator#####Objective bystander#####Unprejudiced eyewitness
strictly distinguish	Clearly differentiate#####Precisely separate#####Distinctly categorize#####Rigorously discriminate#####Unequivocally discern
strongly argue	forcefully assert#####vehemently contend#####vigorously debate#####ardently maintain#####passionately advocate
reliable source	Trustworthy origin of information#####Dependable informant or reference#####Credible basis for facts#####Authoritative and accurate provider of data#####Verifiable fountain of knowledge
fair competition	Equal opportunity for success#####Level playing field for all participants#####Unbiased rivalry among competitors#####Just and equitable contest#####Impartial and honest rivalry
shrewd businessman	Astute entrepreneur#####Savvy business person#####Sharp-witted industry leader#####Cunning commercial strategist#####Perceptive and clever in business dealings
steady progress	Consistent advancement#####Continual improvement#####Regular headway#####Constant forward movement#####Unwavering development
sound argument	Logical and well-reasoned case#####Valid and compelling reasoning#####Solid and persuasive line of thought#####Rational and coherent justification#####Strong and convincing evidence-based claim
incisive remark	Sharp and perceptive comment#####Insightful and cutting observation#####Acute and penetrating statement#####Keen and discerning assertion#####Astute and trenchant utterance
canonical example	A standard or typical case#####A representative instance of a category#####A quintessential illustration of a concept#####An archetypal model or pattern#####A classic or definitive specimen
safe return	Secure homecoming#####Protected arrival#####Unharmed reappearance#####Sheltered reentry#####Guarded comeback
accurate source	Reliable origin#####Trustworthy information provider#####Precise reference point#####Dependable fountain of knowledge#####Authoritative wellspring of truth
steady improvement	Consistent progress#####Gradual advancement#####Continuous enhancement#####Regular growth#####Constant betterment
clear violation	Obvious breach#####Blatant infringement#####Evident transgression#####Undeniable contravention#####Unambiguous defiance of rules or norms
distinguish clearly	Differentiate with clarity#####Make a clear distinction#####Discern the differences precisely#####Unmistakably identify the disparities#####Recognize the distinctions unambiguously
patent violation	Infringement of a patented invention#####Unauthorized use of a patented product or process#####Breach of patent rights#####Unlawful exploitation of a patented innovation#####Illegal use of a patent-protected technology
solid intelligence	Reliable information#####Credible data#####Trustworthy facts#####Dependable knowledge#####Verifiable evidence
frank confession	Honest admission#####Candid disclosure#####Straightforward acknowledgment#####Sincere revelation#####Open declaration of truth
good lie	A convincing falsehood#####A well-crafted deception#####An effective untruth#####A persuasive fabrication#####A plausible fib
rightful owner	Legitimate possessor#####Lawful proprietor#####Legal titleholder#####Authorized holder#####Entitled claimant
strong indication	Clear sign#####Compelling evidence#####Robust signal#####Convincing hint#####Powerful suggestion
viable hypothesis	Plausible explanation#####Workable theory#####Reasonable supposition#####Feasible conjecture#####Credible premise
proper question	Appropriate inquiry#####Fitting interrogative#####Suitable query#####Apt question#####Correct inquiry
adequate coverage	Sufficient protection#####Ample scope#####Satisfactory extent#####Proper inclusion#####Acceptable range
sound mind	Rational thinking#####Mentally stable#####Healthy cognitive function#####Clear and coherent thoughts#####Psychologically well-balanced
unimpeachable source	Trustworthy origin#####Reliable informant#####Credible authority#####Dependable provenance#####Unquestionable root
sharp tool	Precise instrument#####Keen-edged implement#####Razor-sharp utensil#####Finely honed device#####Acutely pointed apparatus
plans clear	Objectives are well-defined#####Goals are unambiguous#####Intentions are straightforward#####Strategies are transparent#####Blueprints are lucid
roughly define	Approximately outline#####Broadly describe#####Give a general idea#####Loosely characterize#####Imprecisely delineate
unscrupulous competition	Dishonest business practices#####Unfair market rivalry#####Unethical competitive tactics#####Ruthless corporate behavior#####Unprincipled industry contention
vainly attempt	Try unsuccessfully#####Futilely endeavor#####Make a fruitless effort#####Strive without success#####Attempt in vain
unfounded claim	Baseless assertion#####Unsubstantiated statement#####Claim lacking evidence#####Allegation without proof#####Groundless declaration
fluid situation	Constantly changing circumstances#####Dynamic and evolving conditions#####Rapidly shifting state of affairs#####Unpredictable and variable environment#####Ever-changing landscape of events
inaccurate description	Incorrect portrayal#####Imprecise depiction#####Inexact characterization#####Erroneous representation#####Faulty account
leaky faucet	Dripping tap#####Water-wasting fixture#####Constantly dripping spigot#####Faucet with a slow leak#####Plumbing fixture that needs repair#####
unfulfilled promise	Broken commitment#####Pledge not kept#####Assurance left incomplete#####Vow remained unaccomplished#####Guarantee that fell short
idle hope	Futile wish#####Vain expectation#####Unproductive desire#####Pointless optimism#####Unrealistic aspiration
stray bullet	Random projectile#####Unintended shot#####Misdirected round#####Wayward bullet#####Errant ammunition
palpable lie	obvious falsehood#####blatant untruth#####evident deception#####clear fabrication#####unmistakable mendacity
charges baseless	Accusations lack evidence#####Allegations without foundation#####Claims are groundless#####Unsubstantiated assertions#####Charges devoid of proof
hairbreadth escape	Narrowly avoided danger#####Barely managed to flee#####Escaped by a tiny margin#####Just evaded peril#####Avoided disaster by a hair's width
falsely accuse	Wrongly blame#####Unjustly incriminate#####Erroneously charge#####Incorrectly attribute guilt#####Unfairly implicate
low morale	Lack of enthusiasm and motivation#####Decreased confidence and optimism#####Diminished drive and determination#####Deflated spirit and zeal#####Reduced passion and commitment
stuffed nose	Congested nasal passages#####Blocked sinus cavities#####Difficulty breathing through the nose#####Nasal obstruction causing discomfort#####Feeling of fullness in the nostrils
losing combat	Being defeated in battle#####Suffering losses in a fight#####Failing to win a military engagement#####Experiencing setbacks in warfare#####Struggling in armed conflict
futile hope	Pointless expectation#####Vain aspiration#####Useless optimism#####Hopeless desire#####Fruitless anticipation
crude lie	Blatant falsehood#####Obvious untruth#####Glaring deception#####Flagrant fabrication#####Overt mendacity
hope against hope	Persist in hoping despite unlikely odds#####Maintain optimism in the face of adversity#####Cling to hope when success seems improbable#####Refuse to abandon hope, even in dire circumstances#####Hold onto faith against overwhelming odds
unsuccessful attempt	Failed effort#####Fruitless endeavor#####Ineffective try#####Unproductive venture#####Futile undertaking
misguided approach	Flawed strategy#####Ill-advised method#####Erroneous tactic#####Misdirected course of action#####Wayward plan
speak haltingly	Talk with frequent pauses#####Speak with hesitation#####Converse in a stuttering manner#####Communicate with intermittent breaks#####Express oneself falteringly
fallacious argument	Incorrect reasoning#####Flawed logic#####Faulty premise#####Unsound claim#####Erroneous assertion
hollow threat	Empty promise of harm or punishment#####Intimidation without intent to follow through#####Warning that lacks substance or credibility#####Menacing statement unlikely to be carried out#####Bluff or false threat of consequences
harsh conditions	Difficult circumstances#####Challenging environment#####Severe situation#####Demanding state of affairs#####Tough predicament
groundless fear	Irrational anxiety#####Unfounded apprehension#####Baseless dread#####Unsubstantiated terror#####Illogical trepidation
weak heart	Cardiovascular fragility#####Feeble cardiac muscle#####Delicate heart condition#####Frail circulatory organ#####Vulnerable heart health
inadequate coverage	Insufficient protection#####Not enough insurance#####Lacking necessary safeguards#####Incomplete security measures#####Deficient shielding or defense
accusation baseless	Unfounded allegation#####Claim without evidence#####Unsubstantiated charge#####Groundless accusation#####Assertion lacking proof
illegal arrest	Unlawful detention#####Wrongful apprehension#####Unjustified custody#####Illicit confinement#####Unauthorized capture
misguided conception	Incorrect belief#####Flawed understanding#####Erroneous notion#####Mistaken idea#####Fallacious perception
biased view	Prejudiced perspective#####Skewed outlook#####One-sided opinion#####Partial viewpoint#####Slanted perception
mistaken belief	Incorrect assumption#####Faulty conviction#####Erroneous impression#####Misguided notion#####False understanding
unreliable evidence	Untrustworthy proof#####Questionable substantiation#####Dubious testimony#####Undependable corroboration#####Unconvincing confirmation
bare shelves	Empty shelves#####Shelves lacking products#####Shelves devoid of items#####Shelves stripped bare#####Shelves with no stock
emergency landing	Unplanned landing due to urgent situation#####Forced landing to ensure safety#####Precautionary landing in response to crisis#####Prioritized landing necessitated by emergency#####Unexpected landing prompted by critical circumstances
febrile atmosphere	Tense and restless environment#####Highly charged and feverish ambiance#####Nervous and agitated mood#####Emotionally heated and frenzied setting#####Excitable and fevered surroundings
poor health	Ill and unhealthy condition#####Suboptimal physical well-being#####Lacking vitality and vigor#####Deteriorated bodily state#####Suffering from ailments and sickness
erroneous belief	Incorrect opinion#####Mistaken conviction#####Fallacious viewpoint#####Inaccurate understanding#####Flawed notion
tender steak	Soft, juicy beef#####Succulent, easy-to-cut meat#####Melt-in-your-mouth steak#####Delicate, flavorful cut of beef#####Gently cooked, tender beef slices
beautiful mind	Brilliant and creative intellect#####Exceptional intelligence and imagination#####Gifted with remarkable mental abilities#####Possessing a sharp and insightful mind#####An extraordinary and innovative thinker
warm reception	Friendly welcome#####Enthusiastic greeting#####Cordial acknowledgment#####Hearty acceptance#####Amiable hospitality
record strong	Achieve impressive results#####Deliver outstanding performance#####Attain remarkable outcomes#####Demonstrate exceptional accomplishments#####Exhibit superior performance
good intention	Positive motive#####Well-meaning purpose#####Benevolent aim#####Sincere objective#####Honorable goal
great head	Excellent mind#####Highly intelligent person#####Someone with remarkable mental abilities#####An individual with exceptional cognitive skills#####A person possessing great intellectual capacity
healthy diet	Nutritious eating habits#####Balanced food intake#####Wholesome meal plan#####Nutrient-rich cuisine#####Health-promoting sustenance
industry thriving	Booming business sector#####Prosperous industrial growth#####Flourishing manufacturing economy#####Thriving commercial activities#####Successful and expanding enterprises
mint condition	Perfect and pristine state#####As if brand new#####Flawless and untouched condition#####Impeccable and unblemished#####Immaculate and unspoiled state
turn out well	Result in a positive outcome#####End up being successful#####Conclude favorably#####Finish with a good result#####Have a satisfactory conclusion
bright day	Sunny weather#####Clear skies and radiant sunlight#####A day filled with brilliant sunshine#####Luminous daylight illuminating the surroundings#####Dazzling sun rays on a cloudless day
lucky escape	Fortunate avoidance of danger#####Narrow evasion of harm#####Providential deliverance from peril#####Serendipitous flight from misfortune#####Blessed reprieve from jeopardy
good weather	Pleasant atmospheric conditions#####Favorable climate for outdoor activities#####Ideal temperature and minimal precipitation#####Sunny skies and comfortable air#####Optimal meteorological elements for enjoyment
credible explanation	Believable reasoning#####Plausible justification#####Convincing rationale#####Trustworthy clarification#####Reliable elucidation
beguiling smile	Charming grin#####Enchanting smirk#####Alluring beam#####Captivating simper#####Mesmerizing smile
fresh bread	Newly baked loaf#####Recently made bread#####Bread straight from the oven#####Bread baked today#####Warm, soft bread just baked
bright weather	Sunny conditions#####Clear, luminous skies#####Radiant, fair weather#####Brilliant, cloudless days#####Dazzling, light-filled atmosphere
bright smile	Radiant grin#####Beaming expression#####Luminous smile#####Brilliant, joyful countenance#####Dazzling, cheerful smirk
superb condition	Excellent state#####Perfect shape#####Impeccable form#####Flawless quality#####Outstanding condition
excellent example	Perfect illustration#####Prime specimen#####Ideal representation#####Quintessential model#####Exemplary instance
smile dazzlingly	Grin brilliantly#####Flash a stunning smile#####Beam with blinding radiance#####Shine a captivating smile#####Smile with mesmerizing brightness
respectable tradition	Time-honored custom#####Venerable practice#####Esteemed convention#####Admirable heritage#####Dignified and established way
promising idea	Concept with great potential#####Notion that shows promise#####Exciting and hopeful thought#####Idea with a bright future#####Promising and innovative plan
good shape	Physically fit#####In optimal condition#####Healthy and strong#####Well-maintained and sound#####Excellent physical form
cook to perfection	Prepare food flawlessly#####Achieve optimal culinary results#####Create an ideal dish#####Cook masterfully#####Attain the perfect flavor and texture
bright hope	Promising future#####Optimistic outlook#####Shining aspirations#####Radiant expectations#####Luminous anticipation
crack shot	Expert marksman#####Highly skilled shooter#####Precise and accurate with a firearm#####Consistently hits the target#####Proficient in shooting with great aim
immaculate condition	Pristine state#####Perfect shape#####Flawless appearance#####Spotless and unblemished#####Excellent condition, like new
glorious weather	Perfect sunny day#####Splendid outdoor conditions#####Magnificent atmospheric state#####Ideal climate for activities#####Spectacular meteorological situation
pristine condition	Perfect, unspoiled state#####Like new, unblemished#####Immaculate, as if untouched#####Flawless, no signs of wear#####In mint condition, impeccable
excellent view	Stunning scenery#####Breathtaking vista#####Magnificent outlook#####Superb panorama#####Spectacular sight
rosy picture	Optimistic outlook#####Positive perspective#####Promising scenario#####Encouraging view#####Favorable situation
salutary effect	Beneficial impact#####Positive influence#####Healthful consequence#####Advantageous outcome#####Favorable result
juicy steak	Succulent cut of beef#####Tender, flavorful meat#####Mouthwatering, prime steak#####Delectable, perfectly cooked beef#####Luscious, high-quality steak
brilliant career	Outstanding professional journey#####Remarkably successful work life#####Exceptional achievements in one's field#####Impressive and prosperous professional path#####Accomplished and thriving vocation
subtle judgment	Nuanced assessment#####Delicate discernment#####Fine-tuned evaluation#####Refined perception#####Understated appraisal
exquisite meal	Delightful, flavorful dish#####Superb, high-quality cuisine#####Finely crafted, delectable food#####Exceptional, mouthwatering fare#####Gourmet, expertly prepared meal
impressive figure	Striking physique#####Remarkable stature#####Commanding presence#####Imposing build#####Stunning appearance
constructive criticism	Helpful feedback#####Useful suggestions for improvement#####Beneficial critiquing#####Valuable advice for growth#####Productive evaluation and recommendations
unfair fight	Unequal contest#####Mismatched battle#####One-sided confrontation#####Imbalanced competition#####Disadvantaged struggle
ruthlessly murder	Brutally kill#####Mercilessly slaughter#####Viciously assassinate#####Cruelly slay#####Heartlessly butcher
bad character	Morally flawed person#####Untrustworthy individual#####Someone with questionable ethics#####A person of poor repute#####An individual lacking integrity
despicable crime	Heinous offense#####Abhorrent wrongdoing#####Deplorable act#####Reprehensible misdeed#####Detestable felony
filthy lucre	Dirty money#####Ill-gotten gains#####Unethical profits#####Morally tainted wealth#####Dishonestly acquired riches
rocky start	Difficult beginning#####Challenging commencement#####Rough initiation#####Bumpy launch#####Turbulent onset
dirty fight	Unfair tactics in a conflict#####Engaging in unethical or underhanded methods#####Using dishonorable means to win#####Resorting to foul play during a confrontation#####Fighting without rules or sportsmanship
rotten weather	Extremely unpleasant weather conditions#####Weather that is foul and disagreeable#####Horrible, nasty weather#####Weather so bad it's almost unbearable#####Dreadful, miserable weather
filthy habit	Unclean and unhealthy routine#####Dirty and detrimental practice#####Unsanitary and harmful custom#####Foul and damaging tendency#####Squalid and pernicious behavior
poorly dressed	Wearing shabby clothes#####Dressed in an unkempt manner#####Attired in substandard garments#####Clad in inferior clothing#####Donning low-quality apparel
bad company	Negative influences#####Undesirable social circle#####Harmful associations#####Detrimental companions#####Corrupting acquaintances
crippling effect	Debilitating impact#####Severely damaging consequences#####Paralyzingly destructive influence#####Incapacitating repercussions#####Devastating ramifications
lame attempt	Feeble effort#####Ineffective try#####Half-hearted endeavor#####Weak and unconvincing attempt#####Disappointing and unimpressive effort
bumpy relations	Turbulent interactions#####Rocky connections#####Uneven rapport#####Rough dealings#####Unstable association
troubled relationship	Strained partnership#####Conflict-ridden connection#####Turbulent bond#####Dysfunctional rapport#####Rocky affiliation
dark day	Gloomy and depressing time#####A day filled with sadness and despair#####A period of misfortune and adversity#####An occasion marked by tragedy or loss#####A somber and melancholic day#####
selfish motive	Self-serving intention#####Personal gain as the driving force#####Egocentric purpose#####Self-centered incentive#####Individualistic agenda
acrimonious debate	Bitter and hostile argument#####Heated discussion filled with animosity#####Rancorous exchange of opposing views#####Caustic and antagonistic verbal confrontation#####Venomous and ill-natured disputation
ugly grimace	Unpleasant facial contortion#####Unsightly expression of disgust#####Repulsive twist of the face#####Hideous distortion of features#####Grotesque scowl or sneer
disreputable character	Untrustworthy person#####Individual with a bad reputation#####Someone of questionable morals#####A person lacking integrity#####Shady or dubious figure
boss from hell	Horrible, abusive supervisor#####Nightmare of a manager#####Tyrannical and cruel employer#####Leader who makes work miserable#####Unbearable and tormenting boss
shameful defeat	Humiliating loss#####Embarrassing failure#####Disgraceful downfall#####Dishonorable trouncing#####Ignominious rout
toxic boss	Abusive and demoralizing supervisor#####Manager who creates a hostile work environment#####Leader who negatively impacts employees' well-being#####Harmful and destructive managerial behavior#####Boss who poisons the workplace atmosphere
compromising situation	An embarrassing or awkward circumstance#####A position that could lead to scandal#####A predicament that may damage one's reputation#####A situation that puts one's integrity at risk#####A compromising scenario that could have negative consequences
sleazy hotel	Rundown, dirty, and disreputable lodging#####A seedy and unpleasant place to stay#####An unsavory and squalid accommodation#####A flophouse with a dubious reputation#####A sordid and unkempt temporary residence
foul weather	Stormy conditions#####Unpleasant and harsh weather#####Inclement atmospheric state#####Disagreeable meteorological situation#####Unfavorable climatic circumstances
poor quality	Substandard condition#####Inferior grade#####Lacking in excellence#####Unsatisfactory caliber#####Deficient in merit
blemished record	Imperfect history#####Tarnished reputation#####Flawed background#####Marred track record#####Stained credentials
brazen aggression	Bold and shameless hostility#####Audacious and unabashed antagonism#####Impudent and insolent belligerence#####Brash and unashamed combativeness#####Barefaced and brazen confrontation
building in disrepair	Dilapidated structure#####Edifice in deterioration#####Neglected and crumbling building#####Construction in a state of decay#####Rundown and poorly maintained building
filthy weather	Extremely dirty and unpleasant weather conditions#####Weather that is disgustingly foul and nasty#####Horrendous and revolting weather, utterly repulsive#####Weather so vile it's almost sickening#####Repugnantly polluted and squalid weather conditions
dismal light	Dim and depressing illumination#####Gloomy and faint glow#####Dreary and somber radiance#####Melancholic and subdued brightness#####Bleak and dull luminescence
harsh color	Intense, unpleasant hue#####Grating, abrasive shade#####Jarring, discordant tint#####Severe, off-putting tone#####Stridently vivid pigment
base motive	Fundamental reason#####Underlying intention#####Primary purpose#####Core incentive#####Essential motivation
troubled sleep	Restless slumber#####Disturbed night's rest#####Unsettled sleep patterns#####Agitated repose#####Disrupted sleep cycles
trying experience	Challenging ordeal#####Difficult and testing situation#####Arduous and demanding circumstance#####Strenuous and taxing episode#####Troublesome and formidable event
tumbledown building	Dilapidated structure#####Ramshackle edifice#####Crumbling construction#####Decrepit building#####Rundown and deteriorating premises
dark mood	Feeling gloomy and depressed#####In a state of melancholy#####Experiencing a somber disposition#####Having a bleak outlook#####Filled with sadness and despair
vested interest	Personal stake#####Invested concern#####Committed involvement#####Significant ownership#####Direct benefit from an outcome
pig grunt	A pig's low, guttural sound#####The characteristic noise made by swine#####The throaty vocalization of a hog#####A pig's deep, short oink#####The grumbling utterance of a porker
brake squeals	High-pitched noise from vehicle brakes#####Screeching sound when applying brakes#####Ear-piercing screams of stopping car#####Brakes emit shrill, unpleasant noise#####Squeaking, squealing from automobile's braking system
pigeon coo	Soft, repetitive bird call#####Gentle, rhythmic sounds made by pigeons#####Soothing, low-pitched pigeon vocalization#####Cooing noise produced by pigeons#####Distinctive, calming sound of pigeons
caw crow	A crow's harsh, loud call#####The distinct vocalization of a crow#####The grating sound made by crows#####A crow's signature cawing noise#####The abrasive cry of a crow
door creaks	Hinges squeak as door opens#####Door makes high-pitched sound when moved#####Eerie noise emitted from old door#####Rusty door produces creaking sound#####Door whines when swung open or closed
thunder claps	Loud, explosive sounds from lightning strikes#####Booming noises during a thunderstorm#####Thunderous applause from the sky#####Nature's percussion in a storm#####Resounding cracks of thunder
thunder rolls	Loud, rumbling sound of thunder in the distance#####Thunder claps and echoes across the sky#####Continuous, deep thundering noise#####Thunderous booms resounding through the atmosphere#####Prolonged, reverberating sound of thunder
cricket chirps	Crickets producing high-pitched sounds#####The noise made by crickets#####Chirping noises emitted by crickets#####Crickets singing their characteristic song#####The stridulation of crickets
wind howls	Gusts of wind wail loudly#####Blustery winds create an eerie sound#####Fierce winds screech through the air#####Gale-force winds produce a haunting noise#####Strong winds moan and whine
bird chirps	Melodic sounds made by avian species#####High-pitched vocalizations of feathered creatures#####Cheerful noises produced by birds#####Tweets and trills from winged animals#####Short, sharp calls emitted by birds
sail flap	Fluttering sound of a sail in the wind#####Sail fabric rippling in the breeze#####Loose sail making a flapping noise#####Sail whipping back and forth#####Sail snapping due to wind
sheep baas	Sound made by sheep#####Sheep's bleating noise#####Characteristic sheep vocalization#####Sheep's distinctive cry#####Sheep's typical bleat
bullet zips	Bullet flies swiftly#####Projectile moves at high speed#####Round rapidly traverses#####Ammo shot with great velocity#####Bullet travels quickly through air
dog whine	Dog's high-pitched, plaintive cry#####Canine's mournful, prolonged vocalization#####Whimpering sound made by a dog#####Puppy's sad, drawn-out bark#####Dog's sorrowful, whining noise
bullet whistles	The sound of a speeding bullet#####A bullet's high-pitched sound in flight#####The whistle-like noise from a fired bullet#####Distinctive sound made by a traveling bullet#####Bullet whizzes through the air, creating a whistle
bird twitters	Chirping sounds made by birds#####Melodic vocalizations of avian species#####High-pitched noises produced by feathered creatures#####Cheerful twittering from winged animals#####Birds' lively and repetitive calls
squeaks tree	A tree that makes high-pitched sounds#####Creaking noises emitted by a tree#####Tree producing squeaking sounds#####Squeaky sounds coming from a tree#####A tree that squeaks when moved
clacks keyboard	Typing noisily#####Loud key presses#####Clacking on the keys#####Tapping keys loudly#####Striking the keyboard forcefully
tree rustles	Leaves whisper in the wind#####Branches sway, creating gentle sounds#####Foliage stirs, producing soft noises#####Tree's leaves flutter and murmur#####Rustling sounds emanate from the tree
train rambles	Slow-moving train#####Leisurely train journey#####Train meanders along the tracks#####Unhurried train ride#####Train ambles through the countryside
wind roars	Powerful gusts howl loudly#####Fierce wind blows intensely#####Gale force winds scream#####Blustery weather creates a deafening noise#####Strong winds produce a thunderous sound
dog howl	Canine's mournful cry#####Hound's prolonged, doleful wail#####Pooch's sorrowful, drawn-out yelp#####Pup's extended, melancholic baying#####Dog's sustained, woeful ululation
dog snarl	Aggressive growl from a dog#####Canine's threatening vocalization#####Menacing sound made by a dog#####Dog's hostile and intimidating noise#####Angry, guttural utterance from a canine
gull screech	Shrill cry of a seagull#####Piercing call made by gulls#####High-pitched vocalization of a gull#####Gull's harsh, ear-splitting shriek#####Strident sound emitted by seabirds
mosquito buzzes	Mosquito's high-pitched humming sound#####Annoying whine of a mosquito#####Mosquito's irritating buzzing noise#####The drone of a mosquito#####Mosquito's signature auditory presence
snow crunches	Footsteps compress snow, producing a crunching sound#####Snow emits a crisp, crackling noise underfoot#####The sound of snow being crushed and compacted#####Walking on snow creates a distinctive crunching noise#####Snow makes a crunch-like sound when stepped on
gunfire crackles	Gunshots burst in rapid succession#####The staccato sound of gunshots#####Bullets pop in quick, sharp bursts#####Rapid, sharp cracks of gunfire#####The snapping sound of gunshots#####
cow moo	Bovine vocalization#####Sound made by cattle#####Distinctive utterance of cows#####Lowing noise from bovines#####Characteristic call of cows
arrow zings	The arrow swiftly flies through the air#####A sharp, high-pitched sound as the arrow shoots#####The arrow moves rapidly with a whooshing noise#####The arrow darts through the sky, making a zinging sound#####A fast-moving arrow produces a distinct, piercing sound
shot rings out	Gunshot echoes loudly#####Bullet fires with a bang#####Gun discharges with a sharp noise#####Firearm suddenly blasts#####Weapon's loud report reverberates
banner flaps	Flag waving in the wind#####Fabric banner rippling#####Fluttering cloth sign#####Pennant undulating in breeze#####Waving banner moving with air currents
duck quacks	Sound a duck makes#####Noise produced by a duck#####Characteristic vocalization of a duck#####Quacking noise emitted by a duck#####Distinctive call of a duck
battle rumbles	War sounds in the distance#####Sounds of combat echo#####Fighting noises resound#####Conflict clamor reverberates#####Clash of armies resonates
have relationship	Be romantically involved#####Connect with someone intimately#####Engage in a partnership#####Share an emotional bond#####Maintain a close association
make claim	Assert a right or entitlement#####Demand something believed to be owed#####File an insurance request for compensation#####State something as true or factual#####Formally request or seek reimbursement
make answer	Respond#####Reply#####Provide a solution#####Give a response#####Answer the question
hold charm	Maintain appeal#####Sustain attractiveness#####Retain allure#####Preserve enchantment#####Keep captivating quality
show division	Reveal disagreement#####Expose disunity#####Display discord#####Unveil split#####Manifest separation
be flight	Be in a state of fleeing or escaping#####Currently airborne or in the process of flying#####Exist in a condition of hasty departure#####Presently engaged in traveling through the air#####Be in the act of flying or running away
lay waste	Destroy completely#####Cause massive destruction#####Ravage utterly#####Ruin entirely#####Devastate thoroughly
give assurance	Provide confidence#####Offer a guarantee#####Reassure someone#####Promise certainty#####Ensure reliability
preach sermon	Deliver a religious discourse#####Give a moral lecture#####Present a spiritual message#####Share a faith-based teaching#####Proclaim a divine lesson
have standing	Possess influence#####Hold a position of authority#####Be respected and recognized#####Maintain a good reputation#####Have a say in matters
do work	Accomplish tasks#####Perform duties#####Complete assignments#####Engage in labor#####Carry out responsibilities
make intervention	Take action to improve a situation#####Intercede to influence an outcome#####Step in to alter the course of events#####Interfere to create change#####Act to modify circumstances
exert action	Apply force#####Put effort into#####Take measures#####Influence actively#####Implement change
conduct survey	Carry out a study#####Perform research#####Administer a questionnaire#####Execute an inquiry#####Lead an investigation
hand sentence	Impose a punishment#####Declare a judgment#####Announce a verdict#####Deliver a ruling#####Pronounce a penalty
enjoy advantage	Benefit from a favorable position#####Possess a superior edge#####Have the upper hand#####Profit from an advantageous situation#####Relish a privileged circumstance
have consequence	Result in outcomes#####Lead to repercussions#####Cause effects#####Bring about ramifications#####Generate impact#####
perform sex	Engage in sexual activity#####Have sexual intercourse#####Participate in intimate relations#####Carry out the act of lovemaking#####Take part in carnal knowledge
take guess	Make a conjecture#####Venture an estimate#####Hazard a supposition#####Offer a speculation#####Propose a hypothesis
be vacations	Time off from work or school#####Periods of leisure and relaxation#####Breaks from daily routine#####Scheduled time for rest and recreation#####Intervals of freedom from obligations
put efforts	Work hard#####Exert energy#####Invest time and resources#####Dedicate oneself#####Strive diligently
make gains	Progress forward#####Advance in a positive direction#####Achieve success or improvement#####Obtain beneficial results#####Accomplish growth or development
have ties	Be connected#####Maintain relationships#####Possess links#####Have associations#####Establish bonds
sit on jury	Serve as a juror in a trial#####Participate in the legal decision-making process#####Be part of a panel of jurors#####Fulfill civic duty in a court case#####Contribute to the jury's verdict deliberation
endure defeat	suffer loss#####bear failure#####withstand setback#####stomach disappointment#####tolerate being beaten#####
beat retreat	Flee#####Withdraw from battle#####Escape quickly#####Rapidly abandon position#####Hurriedly leave
fall category	Belong to a specific group or type#####Classified under a particular heading#####Fit into a certain class or division#####Categorized within a specific set#####Placed in a distinct grouping or section
have flavor	Possess a distinct taste#####Be palatable or savory#####Exhibit a particular tang#####Feature a specific seasoning#####Contain a recognizable essence
run fever	Have an elevated body temperature#####Experience a higher than normal temperature#####Suffer from a feverish condition#####Be in a feverish state#####Have a body temperature above the norm
make leap	Advance significantly#####Progress rapidly#####Jump ahead#####Take a big step forward#####Make substantial progress
shoot burst	Fire multiple rounds rapidly#####Discharge a quick succession of bullets#####Unleash a flurry of gunshots#####Let loose a volley of ammunition#####Rapidly expel a series of projectiles#####
make debut	First appearance#####Initial performance#####Premiere showing#####Introductory presentation#####Launch of career
hold place	Maintain position#####Retain status#####Keep rank#####Preserve standing#####Secure spot
conduct analysis	Perform an examination#####Carry out an assessment#####Execute a study#####Undertake an evaluation#####Engage in research#####
make analysis	Examine data thoroughly#####Conduct a detailed study#####Perform a comprehensive evaluation#####Analyze information systematically#####Assess data meticulously
play part	contribute#####have a role#####be involved#####participate#####take part
give call	Phone someone#####Contact via telephone#####Reach out by calling#####Make a phone call#####Get in touch by phone
