serious defect	Significant flaw#####Major imperfection#####Grave shortcoming#####Severe inadequacy#####Critical fault#####Substantial deficiency#####Profound weakness#####Alarming imperfection#####Dire drawback#####Crucial failing
small distance	Close proximity#####Short range#####Nearby location#####Brief space#####Little gap#####Minimal separation#####Tiny interval#####Narrow margin#####Slight span#####Compact area
good lie	A convincing falsehood#####An effective deception#####A well-crafted untruth#####A believable fabrication#####A plausible misrepresentation#####A persuasive fib#####A credible misleading statement#####An acceptable false claim#####A reasonable inaccuracy#####A satisfactory counterfeit truth
baseless accusation	Unfounded allegation lacking evidence or proof#####Groundless claim made without substantiation#####Unsubstantiated charge devoid of supporting facts#####Accusation lacking any factual basis or merit#####Unsupported assertion made without justification#####Claim made with no evidence to back it up#####Allegation lacking a foundation in reality or truth#####Accusation made without any credible supporting information#####Charge leveled without any verifiable grounds or reason#####Claim put forth without any proof or substantiation
pristine condition	Perfect state#####Flawless quality#####Immaculate condition#####Spotless appearance#####Unblemished and pure#####Like new#####Unspoiled perfection#####Impeccable shape#####Untouched and clean#####In mint condition
buildings in disrepair	Dilapidated structures#####Edifices in deterioration#####Constructions in decay#####Buildings falling apart#####Structures needing maintenance#####Premises in poor condition#####Buildings requiring restoration#####Edifices in a state of ruin#####Structures in a shabby state#####Buildings in need of repair
cow moo	The distinctive sound that cattle make#####Bovine vocalization#####A cow's call#####The lowing of a cow#####The characteristic utterance of a bovine#####A cow's audible expression#####The signature sound of a cow#####A cow's distinctive bellow#####The typical noise made by cattle#####A cow's trademark vocalization
have flavor	Possess a distinct taste#####Exhibit a particular savor#####Be characterized by a specific flavor#####Feature a recognizable taste sensation#####Showcase a unique gustatory quality#####Demonstrate a definitive palate experience#####Impart a distinguishable flavor profile#####Manifest a signature taste attribute#####Embody a specific sapid essence#####Display a distinctive flavor composition
