Label	Semantic Gloss
IncepOper1	Begin to do, perform, experience, carry out something; Signify the start of an action or event, linking the event's subject with its name using a light verb.
Oper2	Perform, do, act something, the relation realizes the second argument of the base word as subject.
LiquFunc0	Cause termination of the existence, the collocate word means "the base word of LiquFunc0 ceases to be experienced"
Real1	Fulfill a requirement imposed by the noun or performing an action typical for the noun; To fulfill the requirement of base word, to act according to base word.
