Label	Semantic Gloss
IncepOper1	Begin to do, perform, experience, carry out something; Signify the start of an action or event, linking the event's subject with its name using a light verb.
Real2	Acting as expected; Something be realized as expected; Do with regard to A that which is normally expected of second participant.
Caus1Func0	To cause something to exist, the relation realizes the first argument of the base word as subject.
Oper2	Perform, do, act something, the relation realizes the second argument of the base word as subject.
LiquFunc0	Cause termination of the existence, the collocate word means "the base word of LiquFunc0 ceases to be experienced"
Real1	Fulfill a requirement imposed by the noun or performing an action typical for the noun; To fulfill the requirement of base word, to act according to base word.
Bon	A positive evaluation or perception of something.
Magn	Intense, strong degree, an intensifier of semantic relation for base lexeme; Intensify the base lexeme to a high level, strengthening its semantic relation with the associated concept via the collocate lexeme.
