Label	Examples	Semantic Gloss
IncepOper1	get upper hand,adopt point of view,get cold feet,gain access,reach agreement	Begin to do, perform, experience, carry out something; Signify the start of an action or event, linking the event's subject with its name using a light verb.
Real2	accomplish aim,accept apology,fall attack,receive bullet,ride car	Acting as expected; Something be realized as expected; Do with regard to A that which is normally expected of second participant.
Caus1Func0	open account,sign contract,set deadline,make difference,shoot film	To cause something to exist, the relation realizes the first argument of the base word as subject.
Oper2	undergo analysis,draw applause,get abortion,have attention,get boost	Perform, do, act something, the relation realizes the second argument of the base word as subject.
LiquFunc0	stop aggression,remove ambiguity,shake balance,break barrier,ruin career	Cause termination of the existence, the collocate word means "the base word of LiquFunc0 ceases to be experienced"
Real1	deliver address,ride anchor,keep appointment,hold arrest,flash award	Fulfill a requirement imposed by the noun or performing an action typical for the noun; To fulfill the requirement of base word, to act according to base word.
Bon	fresh bread,brilliant career,fine compliment,mint condition,valuable contribution	A positive evaluation or perception of something.
Magn	heavy rain,bad accident,huge advantage,heady alcohol,thunderous applause	Intense, strong degree, an intensifier of semantic relation for base lexeme; Intensify the base lexeme to a high level, strengthening its semantic relation with the associated concept via the collocate lexeme.
