000	loss	stunning	stunning loss	Magn	0	the five - time super bowl champion 49ers will also be out for a measure of revenge , after a stunning loss to the packers in last season 's national conference divisional playoffs .
001	attention	undivided	undivided attention	Magn	0	( bc - aids - teen - survivors - art-3rdtake - nyt ) on a good day , the pills go down easy most children with hiv , though , do not have the luxury of their parents ' undivided attention .
002	tired	completely	completely tired	Magn	0	so i asked jonas savimbi , who leads the rebel army , and he said : ` ` angolans are completely tired .
003	problem	big	big problem	Magn	0	the fact that we have none , i think that 's a big problem . ''
004	light	considerable	considerable light	Magn	0	( bc - brain - music - sci-2ndtake - nyt ) studies of brain - damaged patients shed considerable light on these circuits , said dr. isabelle peretz , a psychologist at the university of montreal .
005	reader	voracious	voracious reader	Magn	0	a voracious reader with an unfettered imagination , gygax worked intensely until his health deteriorated in 2004 .
006	river	big	big river	Magn	0	the supposed outside equity investor in chewco was an entity called big river , whose sole member was another entity called little river .
007	relief	great	great relief	Magn	0	` ` but , really , it 's a great relief to know it 's not really about the hairdo i ' m left with .
008	influence	enormous	enormous influence	Magn	0	political analyst jim mcqueeny said such control gives senate presidents enormous influence , making it unlikely difrancesco or bennett - his second - in - command - will face much internal opposition .
009	losses	staggering	staggering losses	Magn	0	the staggering losses , expected to be booked by year 's end , have forced citic pacific to secure a us $ 1.5 billion standby loan from its major shareholder , beijing - based citic group .
010	different	completely	completely different	Magn	0	` ` if mike had bitten someone else , this might ' ve been completely different , '' said tim hallmark , holyfield 's fitness trainer and one of his best friends .
011	guilty	as sin	guilty as sin	Magn	0	former juror eleanor cook , a 79-year - old grandmother , is writing a tome called ` ` guilty as sin , free as a bird '' with the help of her granddaughter , while ray hultman , 62 , will pen ` ` the deliberator , '' along with stacy brown .
012	consideration	careful	careful consideration	Magn	0	` ` the government has not made this motion without careful consideration , '' wrote prosecutors larry r. parkinson , john m. campbell and thomas j. motley .
013	shooting	fatal	fatal shooting	Magn	0	former police officer gets prison term for fatal shooting of new york ( bc - nyc - cop - sentenced - nyt ) a former new york city police officer received close to the maximum sentence in state supreme court on on friday for shooting a woman to death during an off - duty scuffle in a washington heights restaurant last year .
014	monitor	closely	closely monitor	Magn	0	authorities urged local governments to closely monitor the habits and habitats of migratory birds and prevent people and livestock from entering them .
015	role	decisive	decisive role	Magn	0	intelisano charged that the 82-year - old priebke had a ` ` decisive role '' in preparing a list of and carrying out the murders of the 335 people in the caves .
016	race	close	close race	Magn	0	it 's going to be a close race , '' said kahne , whose lap of 30.293 seconds knocked evernham motorsports teammate scott riggs off the top spot .
017	defect	serious	serious defect	Magn	0	the new study involved seven patients , ages 4 to 19 , with spina bifida , a serious birth defect of the spinal cord .
018	protest	heated	heated protest	Magn	0	maddox , who is representing himself , interjected himself into the courtroom arguments between hardy and stanton several times with heated protest of his own .
019	make money	hand over fist	make money hand over fist	Magn	0	` ` these are businesses that were built for the exclusive reason of illegally exchanging copyrighted works and they make money hand over fist from it , '' riaa president cary sherman said .
020	headache	splitting	splitting headache	Magn	0	then i decide whether i want a splitting headache or the chance of ` ` hives , shock , facial swelling and nervousness . ''
021	hold	good	good hold	Magn	0	i think ( the defender ) had a pretty good hold of me , but i was fortunate to get loose .
022	suffering	extreme	extreme suffering	Magn	0	many doctors in france , after consulting with families , are known to discreetly stop treating some patients in extreme suffering who have no hope of being cured .
023	fail	badly	fail badly	Magn	0	the patriots ' first - and second - stringers failed badly and quarterback drew bledsoe injured his right ankle , though it does n't seem to be serious and bledsoe is expected to be able to play in next week 's game against the dallas cowboys .
024	apart	poles	poles apart	Magn	0	two of these that are poles apart -- the socialists founded by milosevic and the liberal democrats whose leader cedomir jovanovic negotiated his arrest in 2001 -- are thus likely to have a key role in forming the next government .
025	role	lead	lead role	Magn	0	kd94 vatican claims it played lead role in passage of cairo plan vatican city , sept 14 ( afp ) the vatican claimed wednesday that its delegation to the un population conference in cairo deserved much of the merit for the passage of a global plan to control the world 's population .
026	resentment	bitter	bitter resentment	Magn	0	moves by iraq 's ousted leader saddam hussein to establish the arabs as the dominant community at the expense of kurds -- who suffered massive persecution -- has caused bitter resentment .
027	debate	lively	lively debate	Magn	0	the weekend duty editors are : in atlanta : diane fall , 678 - 592 - 8388 in washington : chuck holmes , 202 - 262 - 6061 international afghan - council _ kabul , afghanistan _ delegates to the national council sunday engaged in a lively debate reminiscent of america 's founding fathers over how to achieve fair representation in the parliament .
028	concern	paramount	paramount concern	Magn	0	if we had had a policy of no rescues , we would have sent a clear message , a clear message that ocean safety has to be of paramount concern , of passengers , crews , and ocean shipping lines . ''
029	deny	flatly	flatly deny	Magn	0	park , who was reached by telephone , flatly denied the press reports , and said labour representatives met with management in a boardroom to discuss their grievances .
030	criticize	violently	violently criticize	Magn	0	the bill has yet to be signed into law by president askar akayev but was violently criticized by kyrgyz defense minister esen topoyev .
031	wind	strong	strong wind	Magn	0	the inferno was sparked by a gas canister used for cooking and fanned by strong winds it swept through the mina encampment , about five kilometers ( three miles ) south of mecca , witnesses said .
032	sigh	heavy	heavy sigh	Magn	0	harris wilbanks , the medical assistant 's father , heaved a heavy sigh when asked wednesday if the charges were excessive .
033	reform	comprehensive	comprehensive reform	Magn	0	they were frustrated that the divisive debate over illegal immigration had overwhelmed efforts at comprehensive immigration reform .
034	divergent	widely	widely divergent	Magn	0	they say strasburg , 45 , has been more successful than his predecessors in unifying a membership with widely divergent economic interests and focusing them on a bottom line : scaling back rent protections .
035	precision	great	great precision	Magn	0	results from those tests can establish with great precision the source of blood or tissue samples , and the results in this case could form a major bulwark of either the prosecution or defense cases .
036	reduce	drastically	drastically reduce	Magn	0	the ministers were to hold two days of debate on proposals unveiled by the eu 's executive commission two weeks ago to ban or drastically reduce fishing of some species such as cod in 2005 .
037	condition	stringent	stringent condition	Magn	0	the decision brings to 190 million dollars the amount available to sri lanka under a 253-million - dollar standby credit line approved a year ago under stringent conditions that required colombo meet certain targets .
038	bored	stiff	bored stiff	Magn	0	bored stiff with her position as lady of the manor , arabella wants to join the ranks of the social researchers and scientists of the day .
039	approximation	first	first approximation	AntiMagn	1	for mc6 to deliver results , it is of paramount importance that the ` ` first approximation '' of the document to be issued by ministers in hong kong be available by the end of july .
040	applause	faint	faint applause	AntiMagn	1	` ` i try to make clothes that are fun and comfortable , but not ordinary , '' said lau , whose futuristic jackets in black leather and shiny gray quilting drew faint applause .
041	living	meager	meager living	AntiMagn	1	he lives in a basement in montmartre , makes a meager living sweeping up and is ridiculed by his neighbors because of his obesity and his disability .
042	flow	weak	weak flow	AntiMagn	1	devised by a renowned inventor , liu cheng - shih , the millwheel - shaped hydropower facility can generate electricity using the weak water flow in rice paddy irrigation systems , which would represent a new clean energy source suitable for agriculture and poultry farming .
043	doubt	slight	slight doubt	AntiMagn	1	the 21-year - old took over behind the wicket because of a slight fitness doubt over robert rollins and held five catches - equalling the most by an essex keeper in a one - day match .
044	coffee	weak	weak coffee	AntiMagn	1	breakfast , on the other hand , was pretty close to perfect , the only exception being the weak coffee .
045	pressure	low	low pressure	AntiMagn	1	puerto rico and u.s. virgin islands coastal waters out to 20 nm synopsis ... weak high pressure over the eastern atlantic combined with strong low pressure over the western atlantic will continue to produce a moderate south to southwest winds across the northeast caribbean through sunday .
046	success	indifferent	indifferent success	AntiMagn	1	union - backed candidates had only indifferent success , and the center for responsive politics calculates that even with re - energized union political spending , corporations still outspend the unions 11-to-1 in politics .
047	wind	mild	mild wind	AntiMagn	1	with two spotters preventing the jet pack from drifting in a mild wind , the pilot hovered for 45 seconds and then set the device down as the audience applauded .
048	taste	bad	bad taste	AntiMagn	1	bad taste : jim jackson has been around long enough and played with enough teams over the years to understand organizations go in different directions from one season to the next .
049	drunk	slightly	drunk slightly	AntiMagn	1	make no mistake : the 1997 ` ` long flat red '' _ 4 stars _ is a simple wine and meant to be drunk slightly chilled , but it 's also simply delightful .
050	response	limp	limp response	AntiMagn	1	critics have been dismayed by its limp response to what seems to be weekly recalls of lead - laden toys ( 20 million toys so far ) .
051	security	lax	lax security	AntiMagn	1	no evidence has emerged that lax security allowed the terrorists to board the four planes that crashed that day .
052	crime	petty	petty crime	AntiMagn	1	cowans , who had a record of petty crime before his arrest in the gallagher shooting , expressed confidence that he was turning his life around .
053	variety	limited	limited variety	AntiMagn	1	critics , however , warned the embrace signaled greater corporate encroachment on traditional agriculture , and said the limited variety of genetically engineered species available would create a class of poor farmers stuck in a cycle of debt to the small number of multinationals that own patents on the seeds .
054	argument	flimsy	flimsy argument	AntiMagn	1	charig and his colleagues refuted the flimsy arguments so thoroughly and so convincingly in a 4,000-word paper in the journal ` ` science '' that he apologized for ` ` using a sledgehammer to crack a rather trivial nut . ''
055	flurries	a few	a few flurries	AntiMagn	1	a fresh surge of chilly air will move into the northern plains , producing a few flurries in northern minnesota .
056	crime	minor	minor crime	AntiMagn	1	earlier this year , a st. petersburg city court jury convicted seven people with a minor crime of hooliganism in connection with the killing of a 9-year - old tajik girl -- a conviction that outraged rights activists .
057	progress	little	little progress	AntiMagn	1	report : japan to extend sanctions on north korea for 6 more months tokyo 2007 - 09 - 30 09:50:43 utc the japanese government plans to extend its economic sanctions against north korea for another six months because of little progress in the issue of japanese nationals kidnapped by the communist state , a media report said sunday .
058	standard	lax	lax standard	AntiMagn	1	but the latest revelation can only hurt her standing and complicate her efforts to break free of the lax ethical standards of her husband 's white house .
059	illness	slight	slight illness	AntiMagn	1	the source said that the italian protocol office , in canceling the meeting , cited a ` ` slight illness . ''
060	hope	weak	weak hope	AntiMagn	1	leflea estimated that the rescue work will end in another 48 hours and anyone inside now has just a weak hope for survival after two days of ordeal .
061	blood pressure	low	low blood pressure	AntiMagn	1	in the past , nasa has given astronauts salt and fluids shortly before re - entry to counter the problem of low blood pressure , convertino said .
062	mistake	small	small mistake	AntiMagn	1	quick step actually made a small mistake with 1 km to go when the team briefly split up but they got away with it , regrouped and stormed to the finish line .
063	approximation	gross	gross approximation	AntiMagn	1	but the box will not provide information on many individual parts of the plane , and reading its information will be a little like watching an opera in a foreign language , providing only a gross approximation of what happened .
064	smile	vague	vague smile	AntiMagn	1	` ` we will see how things turn out , '' yeltsin said with a vague smile .
065	grind	coarse	coarse grind	AntiMagn	1	cool and chop finely with a knife , or pulse in batches in a food processor to a very coarse grind .
066	review	briefly	briefly review	AntiMagn	1	briefly reviewing the bilateral commercial ties , shi said that they lagged far behind the development of their economies .
067	memory	fleeting	fleeting memory	AntiMagn	1	jerry peligrano 's fleeting memory was of a bespectacled kid with pencils in a pocket protector .
068	distance	small	small distance	AntiMagn	1	and technical matters slowed things up too -- electric batteries were liable to explode , electric cars ran out of power after relatively small distances , and recharging was painfully slow .
069	dress	light	light dress	AntiMagn	1	they continue to make light dresses with smocking and satin ribbons that look as if they came from a vintage clothing store .
070	nap	light	light nap	AntiMagn	1	everywhere yao goes , people ask how good he can be , but more than ponder this question all yao wants to do , frankly , is turn out the light and take a long nap .
071	doubt	slightly	slightly doubt	AntiMagn	1	he told reporters ` ` i have not the slightly doubt of the capability of the management and staff of socog , who are excellent to deliver the outcome we need '' .
072	fare	homely	homely fare	AntiMagn	1	prior to its reopening as a luxury hotel in september 1992 , the bela vista was a popular meeting place for local residents and foreign visitors , serving reasonably priced macanese - style homely fare in a mediterranean - style ambience .
073	importance	small	small importance	AntiMagn	1	given the relatively small importance of that particular slice of the combined companies ' business , selling it could be a small price to pay .
074	portion	small	small portion	AntiMagn	1	milosevic initially submitted a list of 1,400 names , but only a small portion can be called during the 150 days he has been given to present his case .
075	personality	weak	weak personality	AntiMagn	1	` ` abbas has a very weak personality and everyone deals with him knows that , '' said ahmed yousef , who is also a member of the coalition government , which was dismissed by abbas following hamas ' violent takeover of gaza .
076	security	careless	careless security	AntiMagn	1	careless security procedures have been a longstanding problem at america 's nuclear laboratories under democratic and republican administrations .
077	future	near	near future	AntiMagn	1	ting pointed out that mainland china 's high - tech products will certainly enter the international consumer market after the two sides of the taiwan strait are admitted into the world trade organization ( wto ) in the near future .
078	analysis	careful	careful analysis	Ver	2	` ` we conducted a careful analysis of world performances in every field , '' said cui dalin , the vice president of china 's olympic committee and an assistant sports minister .
079	attempt	successful	successful attempt	Ver	2	houston police spokesman robert hurst said an investigation was conducted into threats by ` ` certain parties '' involved in dominique 's earlier successful attempt to become a legal adult .
080	respect	genuine	genuine respect	Ver	2	` ` what does n't come through is genuine respect for others , for their humanity and their right of self - determination .
081	message	clear	clear message	Ver	2	if we had had a policy of no rescues , we would have sent a clear message , a clear message that ocean safety has to be of paramount concern , of passengers , crews , and ocean shipping lines . ''
082	death	natural	natural death	Ver	2	as for the anonymous donors , the hospital said mark 's was an 18-year - old man who died in a motorcycle accident in southern california and sandra 's was a woman in her late 20s who died a natural death in northern california .
083	speak	fluently	speak fluently	Ver	2	but at the edges , some people are pushing the boundaries of free expression , mostly in performances and publications in english , which many malaysians do n't speak fluently .
084	objective	realistic	realistic objective	Ver	2	` ` an announcement that we will begin formal talks remains the realistic objective , '' he said in anticipation of a new framework for enhanced ties .
085	signal	clear	clear signal	Ver	2	that will ` ` send a clear signal to the market that we are going to value investment in new technology . ''
086	criticize	soundly	soundly criticize	Ver	2	knin , croatia ( ap ) thousands of croatian soldiers armed with bandar seri begawan , brunei ( ap ) asian and pacific countries on wednesday soundly criticized france for its planned resumption of nuclear tests in the south pacific , and australia called it a betrayal of trust .
087	prediction	prescient	prescient prediction	Ver	2	the 78-year - old former wildcatter , who now heads the dallas - based hedge fund bp capital , is credited with a history of prescient predictions about the direction of oil markets .
088	morale	high	high morale	Ver	2	the army reiterated its defiance after a night of punishing strikes on more than 50 targets , saying the ` ` high morale of the units was preserved . ''
089	witness	fair	fair witness	Ver	2	through the organization she founded three years ago , christians for fair witness on the middle east , sister lautt has frequently and sharply clashed with the very denominations housed under the god box 's roof .
090	distinguish	strictly	strictly distinguish	Ver	2	` ` but the international community should strictly distinguish between violences staged by terrorists in the region and actions by the government of the sovereign country to crack down on terrorism , '' he said .
091	argue	strongly	strongly argue	Ver	2	some even argue strongly that the reasons the party has a slim majority in the house have less to do with ideology and more with the fact that the 1990 census was conducted in the traditional way .
092	source	reliable	reliable source	Ver	2	according to reliable sources , the hamburgers had been prepared by the u.s. embassy in china .
093	competition	fair	fair competition	Ver	2	the kmt will only win the people 's trust when its helps legislate a law on political party assets and cooperate with the government in building a mechanism for political parties to engage in fair competition , lee said .
094	businessman	shrewd	shrewd businessman	Ver	2	and to officials of the sport 's owning and governing body , nascar , he was a shrewd businessman who helped steer a regional sport with a bootlegger past into the entertainment mainstream .
095	progress	steady	steady progress	Ver	2	one of the men , ryan wilson , remains in a hospital where officials said he is making steady progress .
096	argument	sound	sound argument	Ver	2	gore 's stance not only contradicts a clear position he took seven months ago , it also means that it 's going to be harder for him to return to his old , sound arguments in favor of higher fuel taxes if he wins and oil prices plummet .
097	remark	incisive	incisive remark	Ver	2	siew 's shared sovereignty proposal an incisive remark : hk press hong kong , oct. 16 ( cna ) ( by jorge liu & amp ; eva chen ) republic of china premier vincent siew 's proposed unification formula of ` ` one country , shared sovereignty '' was praised in the hong kong press as being ` ` reasonable and incisive . ''
098	example	canonical	canonical example	Ver	2	a canonical example of the type is jan vermeer 's ` ` allegory of painting '' ( 1667 ) .
099	return	safe	safe return	Ver	2	italy 's opposition has backed the demonstration , which is as much an anti - war rally as a demand for the release of sgrena , and the safe return of her french colleague florence aubenas and her iraqi driver hussein hanun al - saadi , who went missing in iraq a month before the italian .
100	source	accurate	accurate source	Ver	2	espn , which , at last check , was a sports network , runs frequent trial updates that are so thorough that judge ito himself cited the channel as the most accurate source of trial news .
101	improvement	steady	steady improvement	Ver	2	shaq making steady improvement at the line el segundo , calif. ( bc - bkn - lakernotes - ladn ) because the upward swings are so often followed by swift plunges , it 's almost pointless to track shaquille o'neal 's free - throw success rate , much less try to graph his progress or predict its future path .
102	violation	clear	clear violation	Ver	2	cavalese , italy _ the low - flying u.s. jet that severed a ski lift cable , sending 20 people to their death , was in clear violation of italy 's air space regulations , the prime minister of this outraged nation says .
103	distinguish	clearly	distinguish clearly	Ver	2	officials here say boutros - ghali had been reluctant to name an american commander because he wanted to distinguish clearly between the u.s.-led military intervention in haiti -- which is a full - scale combat - ready operation - and a u.n. mission that will be limited to peacekeeping .
104	violation	patent	patent violation	Ver	2	japan 's sharp sues taiwan firm over alleged lcd patent violation tokyo , june 10 ( afp ) japanese consumer electronics maker sharp corp. said thursday it has sued a taiwan firm for allegedly violating its patent on liquid crystal display ( lcd ) technology .
105	intelligence	solid	solid intelligence	Ver	2	he said there was vague but solid intelligence about a possible attack against israeli tourists in egypt 's sinai , where as many as 12,000 israelis were traveling for the holidays , according to the israeli foreign ministry .
106	confession	frank	frank confession	Ver	2	the frank confession from the 30-year - old was a reversal of his claim on the eve of the games when he said he was in good condition and a sub-10 .00 sec run was on .
107	lie	good	good lie	Ver	2	from a good lie in the right rough just short of a bunker on the 465-yard 18th , he flipped an 8-iron into 6 feet to close out another strong round .
108	owner	rightful	rightful owner	Ver	2	german authorities have since returned the chest of drawers to the woman after saying that sale records indicate she is its rightful owner .
109	indication	strong	strong indication	Ver	2	so the coming three - game road trip may be a strong indication of whether the slide is only temporary , or a sign of things to come .
110	hypothesis	viable	viable hypothesis	Ver	2	` ` if we get to the point where we believe we have a viable hypothesis that works in the lab , then we have scientific grounds to go to turin and say , ` here 's what we think has happened to the shroud .
111	question	proper	proper question	Ver	2	'' the proper question , kennedy continued , was ` ` whether the prisoner made a reasonable attempt , in light of the information available at the time , to investigate and pursue claims in state court , '' not on whether the effort was successful .
112	coverage	adequate	adequate coverage	Ver	2	at the same time , many believe it has never been given adequate coverage in the classroom .
113	mind	sound	sound mind	Ver	2	arguments in court on the opening day of her trial focused on defence claims she was not of sound mind at the time of the killing .
114	source	unimpeachable	unimpeachable source	Ver	2	the philippine star : -- former defense secretary renato de villa is preparing to bolt the ruling lakas - nucd party to continue his bid for the presidency in 1998 , an unimpeachable source said on thursday .
115	tool	sharp	sharp tool	Ver	2	hawass said carter 's team damaged the mummy as they used sharp tools to prize off the famous gold and blue mask .
116	plans	clear	plans clear	Ver	2	dpp chairman to make job plans clear by saturday taipei , may 22 ( cna ) ( by lilian wu ) lin yi - hsiung , chairman of the ruling democratic progressive party , on monday was still unwilling to give a clear indication whether he intends to stay on as party chairman .
117	define	roughly	roughly define	AntiVer	3	to succeed , the antiviral drug tamiflu would have to be distributed to 90 percent of the targeted population , roughly defined as those within at least a three - mile radius of each case .
118	competition	unscrupulous	unscrupulous competition	AntiVer	3	partly because of unscrupulous competition from bigger record companies , trumpet folded in 1955 , but the mcmurrys eventually managed to pay off its debts .
119	attempt	vainly	vainly attempt	AntiVer	3	the woman vainly attempted to protect the children by wrapping them in her arms , he said .
120	claim	unfounded	unfounded claim	AntiVer	3	bush 's over - reaction to a report that did nov { tpport his reasons for putting men and women in harm 's way was eerily reminiscent of his earlier unfounded claim after two empty trucks were discovered .
121	situation	fluid	fluid situation	AntiVer	3	some belated schedule - juggling takes place in every political operation , as tacticians react to fluid situations or simply change their minds about the best way to use a candidate 's time .
122	description	inaccurate	inaccurate description	AntiVer	3	` ` smith barney management was not aware of the purchase of the ticket because the employee submitted an invoice containing an inaccurate description of the expense , '' the company said in a statement .
123	faucet	leaky	leaky faucet	AntiVer	3	` ` you hate to even think about it , '' torre said , recalling how games had fallen off the lead like drops of water from a leaky faucet .
124	promise	unfulfilled	unfulfilled promise	AntiVer	3	secondary school teachers strike in burundi bujumbura , may 13 ( afp ) thousands of secondary school teachers in burundi began a week - long strike monday to protest unfulfilled promises to improve pay and working conditions , an afp journalist reported .
125	hope	idle	idle hope	AntiVer	3	` ` i can not stay idle hoping chris byrd , lewis or roy jones will fight me , '' holyfield said .
126	bullet	stray	stray bullet	AntiVer	3	three british soldiers also lost their lives _ one of them to a stray bullet from his own side .
127	lie	palpable	palpable lie	AntiVer	3	their claim to be fighting for the liberation of their country is a palpable lie .
128	charges	baseless	charges baseless	AntiVer	3	in a motion filed with the marikina trial court , tan 's lawyer , former justice minister estelito mendoza , called the charges baseless .
129	escape	hairbreadth	hairbreadth escape	AntiVer	3	the whole history of ` ` beowulf , '' the oldest poem in the english language , is one of hairbreadth escapes from fire , bombardment , disdain , neglect , the yawning boredom of undergraduates and the stony indifference of the english - speaking public .
130	accuse	falsely	falsely accuse	AntiVer	3	edmond begins the movie as a wide - eyed innocent , but his trust in man 's goodness is shattered when he 's falsely accused of treason and sent to prison .
131	morale	low	low morale	AntiVer	3	in a phone interview , lombardi cited low morale in the largely expatriate staff and the dollar 's weakness , which has undermined the competitiveness of imf salaries , especially for europeans .
132	nose	stuffed	stuffed nose	AntiVer	3	baxter tested positive for methamphetamine , a banned stimulant which was contained in an over - the - counter nasal inhaler he was taking for a stuffed nose .
133	combat	losing	losing combat	AntiVer	3	` ` we must overcome the psychology of a transitional period when we were struggling for survival at any cost , even at the expense of losing combat readiness , '' he said .
134	hope	futile	futile hope	AntiVer	3	wajda 's film , which is called ` ` post mortem '' , will focus on the women who waited in anguish and eternal but futile hope for their menfolk to return from the killing fields of eastern europe .
135	lie	crude	crude lie	AntiVer	3	in addition to arguing the perjury and obstruction of justice charges , the prosecutors also seemed to try to portray clinton as a lowlife , a user of women who cared so little about them that he was willing to tell crude lies about them to trusted aides .
136	hope	against hope	hope against hope	AntiVer	3	_ _ _ the lakers ( owner jerry buss excepted ) are hoping against hope that magic johnson simply decides he 's not a ' 90s kind of guy and hangs 'em up .
137	attempt	unsuccessful	unsuccessful attempt	AntiVer	3	his first legal challenge in an atheist cause was an unsuccessful attempt to get the phrase ` ` in god we trust '' removed from us currency .
138	approach	misguided	misguided approach	AntiVer	3	a decade and a half of ill - prepared young men coming out of school early in order to turn professional , combined with misguided approaches to the game itself , have combined to lower the level of talent coming into the league .
139	speak	haltingly	speak haltingly	AntiVer	3	havel , who is recovering from pneumonia and spoke haltingly , said he would meet leaders of all three coalition parties sunday afternoon for talks .
140	argument	fallacious	fallacious argument	AntiVer	3	castle said it 's ` ` a fallacious argument '' that the process will lead to cloning or that stem cell research should be blocked because of it .
141	threat	hollow	hollow threat	AntiVer	3	as some members of the dnc noted today , the threat not to seat the delegates of michigan and florida at the democratic convention is a hollow threat , '' sen. carl levin said in a written statement .
142	conditions	harsh	harsh conditions	AntiVer	3	illegal immigrants face harsh conditions athens , greece ( ap ) most of the half - million illegal immigrants working in greece face harsh conditions , including low pay , a lack of medical care , fear of police and no education for their children .
143	fear	groundless	groundless fear	AntiVer	3	some people may not even have assets worth $ 600,000 , the point at which estates become taxable , but they rush to put assets into trust on groundless fears that the irs will snatch the money away .
144	heart	weak	weak heart	AntiVer	3	rappe ordered deputies to take wempe , who suffers from diabetes and a weak heart , into custody in the courtroom .
145	coverage	inadequate	inadequate coverage	AntiVer	3	therefore , as concern mounts about the 45 million americans without health - care insurance , the increasingly overlooked problem is inadequate coverage for seniors despite medicare 's promise .
146	accusation	baseless	accusation baseless	AntiVer	3	through robert bennett , his lawyer , the president continued friday to call mrs. jones ' accusation baseless .
147	arrest	illegal	illegal arrest	AntiVer	3	the complaint filed tuesday accuses the officers of making an illegal arrest , causing bodily harm to mack , subjecting him to inhuman and degrading treatment and falsifying public documents , mack 's lawyer 's office said .
148	conception	misguided	misguided conception	AntiVer	3	there has been ` ` a misguided conception that it should be a one - pound meatball nesting in the middle of a big pile of red - sauced noodles , '' says san francisco chef and mediterranean food expert joyce goldstein .
149	view	biased	biased view	AntiVer	3	says d'vorkin : ` ` the thing that excites me about online news is the notion of having an engaged audience ... . people think the news media offer biased views .
150	belief	mistaken	mistaken belief	AntiVer	3	kay said that massive intelligence failures led to the mistaken belief iraq had such arms in violation of un sanctions , calling for an independent investigation .
151	evidence	unreliable	unreliable evidence	AntiVer	3	he is also the first to have successfully challenged his detention , when the special immigration appeals commission ruled he was behind locked up on the basis of ` ` wholly unreliable evidence '' .
152	shelves	bare	bare shelves	AntiVer	3	zimbabwe opposition leader inspector empty shelves harare , aug 1 , 2007 ( afp ) zimbabwe 's opposition leader morgan tsvangirai found himself between bare shelves when he toured shops in harare on wednesday after a six - week government crackdown on businesses accused of profiteering .
153	landing	emergency	emergency landing	AntiVer	3	the pilot tried to make an emergency landing , civil aviation director jose carlos said .
154	atmosphere	febrile	febrile atmosphere	AntiVer	3	the iea forecast that extra supplies of crude oil and refined products such as gasoline would help cool the febrile atmosphere on world markets .
155	health	poor	poor health	AntiVer	3	in more recent years she has suffered poor health but this sudden news of her death comes as a shock , '' clark said in a statement .
156	belief	erroneous	erroneous belief	AntiVer	3	the highly respected glass ceiling commission recently concluded that ` ` serious barriers to advancement remain -- such as persistent stereotyping , erroneous beliefs that ` no qualified women or minorities are out there ' and plain old fear of change . ''
157	steak	tender	tender steak	Bon	4	washington there 's nothing like a tender steak from a free - range , grass - fed , hormone - free , antibiotic - free , organic and -- oh , yes -- cloned cow .
158	mind	beautiful	beautiful mind	Bon	4	` ` it 's pre - researched material , '' says producer brian grazer , who says his oscar - winning 2001 film ` ` a beautiful mind '' would ' ve been a tough sell if it had n't been based on a book .
159	reception	warm	warm reception	Bon	4	in contrast to lee , who enjoyed a warm unofficial reception from administration officials in washington earlier this year , roh has reportedly never visited the united states , and has said he would n't come here as president merely for a photo - op .
160	record	strong	record strong	Bon	4	many of mexico 's largest businesses fell as investors sold shares of companies that have recorded strong gains this year , traders said .
161	intention	good	good intention	Bon	4	unless we get behind the momentum already building and give it the push that only popular support can give to turn good intentions into political and economic realities , we may lose this great treasury .
162	head	great	great head	Bon	4	a few more weeks of training and we could have a great head - to - head battle to crack the world record . ''
163	diet	healthy	healthy diet	Bon	4	boston ( ap ) people with high cholesterol need to exercise to get the full benefits of a healthy diet , a study concludes .
164	industry	thriving	industry thriving	Bon	4	marijuana industry thriving in british columbia vancouver ( ap ) _ it 's nearly harvest time and the pot plants are thriving .
165	condition	mint	mint condition	Bon	4	it is in mint condition , but dusty , like a great piece of furniture discovered under a tarp at the back of a barn .
166	turn out	well	turn out well	Bon	4	yesterday they talked about what they were going to do , today they did the operation and everything turned out well .
167	day	bright	bright day	Bon	4	it was a bright day for the senate and a dark day for the judiciary . ''
168	escape	lucky	lucky escape	Bon	4	kallis had a lucky escape on 61 when a delivery from spinner harbhajan singh hit his gloves and rolled on to the stumps , but did not dislodge the bails .
169	weather	good	good weather	Bon	4	bethesda also has one elevated deck that serves as the patio for black 's bar & amp ; kitchen and one old standby hangout , steamers , which is almost all deck , always covered but in good weather open - sided .
170	explanation	credible	credible explanation	Bon	4	` ` no one has given me any credible explanation why people living in wazir akbar khan have been evicted , '' he said .
171	smile	beguiling	beguiling smile	Bon	4	the nice - naughty image -- a sweet and beguiling smile matched with a curvacious figure and page 's propensity for burlesque films and bondage images -- proved highly combustible on the eve of america 's sexual revolution .
172	bread	fresh	fresh bread	Bon	4	crusty , fresh white bread , butter , tasty preserves , papaya and mango juice and fabulous puerto rican coffee .
173	weather	bright	bright weather	Bon	4	while chilly economic winds are blowing through the lower 48 , alaska is enjoying bright economic weather , created in large part by strong oil prices _ currently around $ 25 per barrel _ that translate into higher state revenue , higher employment and overall higher hopes .
174	smile	bright	bright smile	Bon	4	teresa legalley , formerly teresa garpstas , tall and slim with long brown hair and a bright smile , grew up in ohio and went to wright state college in dayton .
175	condition	superb	superb condition	Bon	4	these two countries enjoy a powerful combination : very low production costs and superb conditions for growing grapes .
176	example	excellent	excellent example	Bon	4	` ` this is an excellent example of cooperation between the police forces of the two entities , a very high level of professionalism , and we will hope that this will become more the tradition rather than just an isolated incident , '' the un spokesman said .
177	smile	dazzlingly	smile dazzlingly	Bon	4	nurses smile dazzlingly as they slip in and out of surgical rooms equipped with high - tech drills and chairs .
178	tradition	respectable	respectable tradition	Bon	4	she went on to say : ` ` if we ' ve grown up at the movies , we know that good work is not continuous with the academic , respectable tradition but with glimpses of something good in trash , but we want the subversive gesture carried to the domain of discovery .
179	idea	promising	promising idea	Bon	4	the product extension prize narrowly eluded samsung , which this year had the promising idea of a two - level microwave .
180	shape	good	good shape	Bon	4	most of greenspan 's appearance before the committee was devoted to assessing the state of the banking system , which he said entered the economic slowdown in good shape .
181	cook	to perfection	cook to perfection	Bon	4	stark and sleek , with amusing fish sculptures , toofey 's serves nori rolls of prawn and garfish ( a long , thin fish with delicate white flesh ) , seafood risotto and the freshest fish of the day cooked to perfection .
182	hope	bright	bright hope	Bon	4	the associated press ' mike silverman called licitra ` ` a bright hope '' and said ` ` his high notes are clean and strong , though he lacks that unique ` ping ' in the voice that made pavarotti 's high notes so thrilling in their effortlessness . ''
183	shot	crack	crack shot	Bon	4	a crack shot , his guns and hunting expeditions were reported on in detail across the country .
184	condition	immaculate	immaculate condition	Bon	4	it 's the toughest of them all on the open rota and it 's in immaculate condition .
185	weather	glorious	glorious weather	Bon	4	the glorious summer weather in hobart could scarcely have been a greater contrast to the tumultuous seas that five days ago brought havoc and death to the race fleet .
186	condition	pristine	pristine condition	Bon	4	m. forman sent the entire cookbook that came with the mixer , copyright 1950 , in pristine condition .
187	view	excellent	excellent view	Bon	4	according to the document , 39 percent of those surveyed said they had an ` ` excellent '' view of ford .
188	picture	rosy	rosy picture	Bon	4	that rosy picture of the job outlook was clouded by a private report today suggesting that ` ` demand for labor , while certainly not collapsing or weak , is maybe not quite as strong as some other figures would lead you to believe , '' said paul kasriel , chief domestic economist at the northern trust co. in chicago .
189	effect	salutary	salutary effect	Bon	4	` ` the secretary general attaches great importance to the success of these efforts , which would have a highly salutary effect not only on the lives of the peoples of the two countries but also on regional and global stability . ''
190	steak	juicy	juicy steak	Bon	4	few things are more treasured by argentines than a juicy steak sizzling on a grill .
191	career	brilliant	brilliant career	Bon	4	mcgoogan resurrects the brilliant career of dr. elisha kent kane of philadelphia , who sailed north in 1853 to seek the northwest passage and john franklin , a missing british explorer .
192	judgment	subtle	subtle judgment	Bon	4	their prophecies as to the economic future are not guided by unusually subtle judgment . ''
193	meal	exquisite	exquisite meal	Bon	4	i serenely ate half of each , anticipating the second exquisite meal i would have the next night in my cottage .
194	figure	impressive	impressive figure	Bon	4	this may not be such an impressive figure today as it was a few years ago since gigabyte ( gb ) - capacity devices are now widely available .
195	criticism	constructive	constructive criticism	Bon	4	and , he used ` ` constructive criticism '' from sayuri takao , manager of joli - kobe , whom he had known at the institute .
196	fight	unfair	unfair fight	AntiBon	5	cohen also knows how to rig an unfair fight , and to then wring maximum humiliation and humor out of each situation .
197	murder	ruthlessly	ruthlessly murder	AntiBon	5	1942 : the nazis ruthlessly murdered about 6 million european jews and about 5 million poles , gypsies and others .
198	character	bad	bad character	AntiBon	5	in a national public radio interview friday , two of the jurors , both enlisted men , said they did not believe that the women lied or had bad characters .
199	crime	despicable	despicable crime	AntiBon	5	` ` i condemn in the strongest possible terms the senseless brutality and violence of the perpetrators of this barbaric act , and call for all those responsible to be brought to justice for their despicable crimes , '' solana said in the letter .
200	lucre	filthy	filthy lucre	AntiBon	5	so it is that ` ` single & amp ; single '' sets its sights on filthy lucre : the spell it casts and the prisoners it takes , whether in its false promises to the desperate or its poisonous allure to the power - hungry .
201	start	rocky	rocky start	AntiBon	5	the session got off to a rocky start ; shortly after it began , it had to be suspended for a couple hours because of a lack of interpreters .
202	fight	dirty	dirty fight	AntiBon	5	` ` i do n't expect a dirty fight , but you never can tell , '' said the 28-year - old trinidad , also speaking through an interpreter .
203	weather	rotten	rotten weather	AntiBon	5	the british open was played in rotten weather on a carnoustie course that was one of the toughest in the world eight years ago , but had to be scaled back .
204	habit	filthy	filthy habit	AntiBon	5	` ` the act of spitting indescriminately is a filthy habit and it was an unfortunate coincidence that darren gough unthinkingly expectorated at the wrong time , giving the false impression it was directed at ian bishop , '' said reid .
205	dressed	poorly	poorly dressed	AntiBon	5	ukraine to elect a new president kiev , ukraine ( ap ) the poorly dressed , unkempt woman selling secondhand clothing at kiev 's sennoi flea market was furious .
206	company	bad	bad company	AntiBon	5	one of those husbands -- in a delicious bit of hollywood irony -- was action impresario jerry bruckheimer ( ` ` black hawk down '' ) whose latest film , ` ` bad company , '' opens the same day as ` ` ya - ya . ''
207	effect	crippling	crippling effect	AntiBon	5	the radical economic changes backed by the world bank , which came with their share of crippling economic effects , have however bore fruit especially with the control of ballooning inflation from a triple digit figure of about 400 percent to about 30 percent by the end of last year .
208	attempt	lame	lame attempt	AntiBon	5	mcveigh 's court statement appeared to be little more than a lame attempt to blame the government for his slaughter of innocent men , women and children .
209	relations	bumpy	bumpy relations	AntiBon	5	tensions have soared recently in the often bumpy relations between egypt and israel over claims that israeli soldiers killed egyptian prisoners during the 1967 middle east war .
210	relationship	troubled	troubled relationship	AntiBon	5	that 's why president bush and congress should pass laws and enact policies that improve these troubled labor relationships .
211	day	dark	dark day	AntiBon	5	` ` in these dark days , you have to savor every pint of guinness like it 's your last , '' the painter told laughing workmates during a lunch break .
212	motive	selfish	selfish motive	AntiBon	5	` ` there is no room at all to give leniency for the selfish motive , '' the judge said , as quoted by the mainichi shimbun daily on its website .
213	debate	acrimonious	acrimonious debate	AntiBon	5	the second wave of requirements , like the first , is stirring acrimonious debate over the motives and goals of proponents , which include promoting harmony on multiracial campuses , expanding students ' knowledge of the world and encouraging diversification of curriculums long dominated by western thinkers .
214	grimace	ugly	ugly grimace	AntiBon	5	he reported that images on television and in newspapers in taiwan of a menacing zhu , his face in an ugly grimace and a finger stabbing the air for emphasis , has aroused nationalism on the island .
215	character	disreputable	disreputable character	AntiBon	5	` ` charles o. finley is one of the most disreputable characters ever to enter the american sports scene , '' missouri sen. stuart symington said in 1967 .
216	boss	from hell	boss from hell	AntiBon	5	although the devil seems to have cast a kindly glance at the old folks who served him in ` ` rosemary 's baby , '' elsewhere he is literally the boss from hell .
217	defeat	shameful	shameful defeat	AntiBon	5	` ` if the us imperialists persistently pursue their hostile policy towards the dprk ( north korea ) and their design to invade it , they will suffer a more shameful defeat ( than in 1968 ) , '' said a statement carried by the korean central news agency .
218	boss	toxic	toxic boss	AntiBon	5	a monster poll says 70 percent of workers think they have a ` ` toxic boss . ''
219	situation	compromising	compromising situation	AntiBon	5	despite the compromising situations parvez gets into , we cheer for him to succeed and find happiness , even with a prostitute .
220	hotel	sleazy	sleazy hotel	AntiBon	5	he said the blue ox was a bar in brainerd , not a sleazy hotel , like in the movie .
221	weather	foul	foul weather	AntiBon	5	mohamad nor said several trees were uprooted during the foul weather which resulted in heavy jams .
222	quality	poor	poor quality	AntiBon	5	chinese farmers reduced their summer grain acreage because the central government has abandoned protective purchase price for poor quality grain .
223	record	blemished	blemished record	AntiBon	5	but holyfield , 46 , has beaten the likes of mike tyson , james ' buster ' douglas , lennox lewis and riddick bowe in his long career with a blemished record of 42 wins , 27 knock - outs , two draws and nine defeats .
224	aggression	brazen	brazen aggression	AntiBon	5	but what 's really unnerving is the way she nails sadie 's desperate blend of blind ambition and self - effacement , of brazen aggression laced with sincere apologies .
225	building	in disrepair	building in disrepair	AntiBon	5	a few signs remain of that not - so - ancient history , with some buildings in disrepair and a skeletal pier jutting into the hudson .
226	weather	filthy	filthy weather	AntiBon	5	to understand how macarthur , from derbyshire , has captured the world 's imagination you only had to look at kingfisher 's 90-foot mast and imagine macarthur _ urchin - like , just 5 feet 2 inches tall and 112 pounds in weight _ climbing it in filthy weather , alone in the middle of the ocean , to do repairs .
227	light	dismal	dismal light	AntiBon	5	` ` i see the epidemic in a dismal light , '' said dr. victoria sharp , director of aids care at st. clare 's hospital and health center in new york city .
228	color	harsh	harsh color	AntiBon	5	makeup stays au naturel while fashion is coughing up harsh colors in clothing _ chartreuse , cobalt blue , neon pink _ makeup on the runways has remained surprisingly soft and natural .
229	motive	base	base motive	AntiBon	5	` ` whatever one may think of the quality of the strip and the taste of the world play ... the cartoonist can in no way be suspected of the base motives which are being attributed to him . ''
230	sleep	troubled	troubled sleep	AntiBon	5	there are a vast number of medicines used to treat troubled sleep , aching joints , headaches and other symptoms .
231	experience	trying	trying experience	AntiBon	5	even some students who oppose the aggressive unionization efforts agree that teaching can prolong graduate studies and make it a more trying experience .
232	building	tumbledown	tumbledown building	AntiBon	5	security at a price khan yunis is , even by gazan standards , a bastion of religious tradition , a sun - baked puzzle of tumbledown buildings and dirt streets , the wild west compared to the cosmopolitan gaza city .
233	mood	dark	dark mood	AntiBon	5	no , when the outback steakhouse pro - am was nearing its end sunday afternoon , mark wiebe was just another guy with a white visor , a red face and a dark mood .
234	interest	vested	vested interest	AntiBon	5	` ` the music community has a vested interest in trying to cordon off people so that they know where their market is at all times , '' he says .
235	pig	grunt	pig grunt	Son	6	smart pigs grunt their way along the inside of pipelines , using magnetic fields to find cracks , leaks , corrosion and other anomalies that cause a pipe to fail .
236	brake	squeals	brake squeals	Son	6	as time goes on , the mechanic stops spending time diagnosing the reason for brake squeals .
237	pigeon	coo	pigeon coo	Son	6	the problem might be the unimaginative production ; neville 's fluttery tattooed - pigeon coo is better suited for spare arrangements , not schmaltzy ones .
238	crow	caw	caw crow	Son	6	perhaps recognizing this , optimists in the upstate new york community of auburn ( pop : 31,000 humans , roughly 70,000 crows ) are trying to transform the hoarse caw of the crow into a siren call for tourists _ publishing maps to guide the curious to the best ` ` crow viewing '' sites during the winter roost .
239	door	creaks	door creaks	Son	6	the door creaks shut , and suddenly you 're bathed in a weird , reddish glow .
240	thunder	claps	thunder claps	Son	6	the 14 - and 16-inch guns of the battlewagons created great ear - shattering thunder claps as their shells sailed overhead like freight trains .
241	thunder	rolls	thunder rolls	Son	6	a scene piece on the swallow , pegged to the appearance tonight of the four songwriters who penned most of garth brooks ' biggest hits , including ` ` the dance '' and ` ` the thunder rolls . ''
242	cricket	chirps	cricket chirps	Son	6	research by thomas walker , an entomologist at the university of florida , has shown that cats learn to recognize cricket chirps and will come at a run when they hear the sound .
243	wind	howls	wind howls	Son	6	meanwhile the clocks stop , the wind howls , and we are encouraged to believe -- or at least not to disbelieve -- our own eyes .
244	bird	chirps	bird chirps	Son	6	i hang in silence - not even a bird chirps - until mark points out landmarks like the sebastian inlet and kennedy space center .
245	sail	flap	sail flap	Son	6	the sail should flap with the wind like a flag ; this is called luffing .
246	sheep	baas	sheep baas	Son	6	a light went off in breaux 's head : he took 30 or so samples from the tape , added in cow moos and sheep baas for flavoring , and five months later 1,500 copies of ` ` jingle bellies '' were pressed .
247	bullet	zips	bullet zips	Son	6	and a bullet train now zips from tokyo to the mountainous city of nagano in 80 minutes .
248	dog	whine	dog whine	Son	6	when matthew would go to school , cindy said the dog would whine and race around the house searching for her master .
249	bullet	whistles	bullet whistles	Son	6	( bullet ) quick whistles : left wing / defenseman brad norton returned to the lineup after sitting for two games and might have wished he had n't .
250	bird	twitters	bird twitters	Son	6	in the pauses between , bird song twitters from the thick greenery along the road .
251	tree	squeaks	squeaks tree	Son	6	one recent day , visitors to the shrine seemed lulled by the fierce summer heat , their voices barely audible above the drone of the cicadas and the squeaks of songbirds in the trees outside the shrine 's moss - covered walls .
252	keyboard	clacks	clacks keyboard	Son	6	berkeley researchers sniff out passwords from keyboard clicks berkeley , california if spyware and key - logging software were n't a big enough threat to privacy , researchers have figured out a way to eavesdrop on your computer simply by listening to the clicks and clacks of the keyboard .
253	tree	rustles	tree rustles	Son	6	when i step closer , the tree rustles and , one by one , citrus - colored birds flap away .
254	train	rambles	train rambles	Son	6	by gene and adele malott ( distributed by new york times special features ) the montana daylight excursion train rambles across the mountainous portion of montana and upper idaho , giving passengers what may be their only look at the present - day american west .
255	wind	roars	wind roars	Son	6	imagine being cuddled up beside a crackling fireplace bundled snugly in warm clothing , enjoying a hot cup of cocoa with the family while a chilly wind roars outside your scottish - built bungalow ; or reeling in a thrashing big fish out at sea , then actually staying overnight with the fisherman and his family at their island village .
256	dog	howl	dog howl	Son	6	by now , though , the act is wearing distinctly thin _ can she ` ` ever '' sing a ballad quietly , and not go for notes that would make dogs howl ?
257	dog	snarl	dog snarl	Son	6	their attack - dog snarl alienated a globe asked to step in line or step aside .
258	gull	screech	gull screech	Son	6	seagull - call ( seattle ) _ tawnie keaton , 13 , mimics the shrill screech of a sea gull so masterfully that even seasoned bird watchers have trouble deciphering her call from the real thing .
259	mosquito	buzzes	mosquito buzzes	Son	6	the male wolf - spider drums its abdomen on dry leaves to draw out a nearby female , bats use ultra - sound , while the female mosquito buzzes at a certain frequency to alert a male .
260	snow	crunches	snow crunches	Son	6	features & amp ; arts : poland , other new eu members , debate balance between development and preserving environment rospuda river valley , poland -- a sharp wind rustles the brittle wetland grasses , and the snow crunches underfoot -- the only sounds in one of europe 's last and best preserved peat bogs .
261	gunfire	crackles	gunfire crackles	Son	6	sarajevo , bosnia - herzegovina _ the familiar sound of gunfire crackles in the streets of sarajevo early thursday , but this time it is a joyful noise _ soldiers and civilians firing in the air to usher in bosnia 's cease - fire .
262	cow	moo	cow moo	Son	6	san francisco -- rovingfeast -- now that we know cows moo with british burr , we can ponder the way accents add richness and diversity to a number of experiences -- even eating .
263	arrow	zings	arrow zings	Son	6	then , with a soft thwang , a foot - long arrow zings away , perfectly piercing a half - dollar - sized dot on the target .
264	shot	rings out	shot rings out	Son	6	she is tending to him with her white - gloved hands as the second shot rings out .
265	banner	flaps	banner flaps	Son	6	but each go - around we seem to have more state control over public schools while that ` ` less government '' banner flaps mightily in the breeze .
266	duck	quacks	duck quacks	Son	6	hart -- backed by pat robertson 's christian coalition , a group formed to promote the televangelist 's political agenda -- said the book , in which a duck quacks at parent figures , taught children disrespect .
267	battle	rumbles	battle rumbles	Son	6	eu - us - software - company - competition - microsoft brussels : the european commission was poised to slap a fine of up to two million euros ( 2.5 million dollars ) a day on microsoft for failing to comply with its 2004 antitrust ruling as the long - running competition battle rumbles on .
268	relationship	have	have relationship	Oper1	7	` ` look , if we could one day have relationships among citizens in the states and citizens in mexico , we would both be surprised at what we are , '' said vicente fox , a central state governor and prominent opposition politician .
269	claim	make	make claim	Oper1	7	cayetano make the claim during debates on an impeachment complaint against arroyo over accusations _ all denied by arroyo _ such as rigging the 2004 election , violating the constitution and committing corruption and human rights abuses .
270	answer	make	make answer	Oper1	7	it chronicled his vain pursuit of then - general motors chairman roger smith , seeking to make smith answer for the devastation wrought by his decision to close the local gm plant .
271	charm	hold	hold charm	Oper1	7	( bc - means - column - hns ) the snow - speckled fields of corn stubble in the cold , flat plains of middle nebraska hold few charms for president clinton _ but he dutifully ventured there last friday anyway .
272	division	show	show division	Oper1	7	cor - gk / mo / ea04 flush with victory , us republicans show divisions by carlos hamann washington , nov 7 ( afp ) fresh from president george w. bush 's re - election win , a rift emerged between republican party moderates and conservatives over abortion .
273	flight	be	be flight	Oper1	7	china 's agriculture ministry warned last week of further bird flu epidemics in the nation during the winter months when migratory birds be in flight and weather conditions provide a good environment for the spread of the virus .
274	waste	lay	lay waste	Oper1	7	remember when vcrs and then dvds were going to lay waste to the movie industry and ended up saving it instead ?
275	assurance	give	give assurance	Oper1	7	denard says comoros airport to reopen saturday : report pretoria , sept 29 ( afp ) french mercenary bob denard , who is leading a coup in the comoros , has give the assurance that the island 's main airport will be reopened early saturday , the domestic news agency sapa said friday .
276	sermon	preach	preach sermon	Oper1	7	when he preach a sermon , he gives the congregation ` ` the benefit of his colloquies with god .
277	standing	have	have standing	Oper1	7	others , however , suspect that the cigar industry took a page out of what was believed to be the cigarette manufacturers ' playbook : warned by label , the strategy went , consumers bear responsibility for the consequences of smoking and therefore have no standing to sue .
278	work	do	do work	Oper1	7	the report quoted defense minister robert hill as saying ` ` australians have not been operating in iraq and any questions about whether we are do covert work in other countries are hypothetical . ''
279	intervention	make	make intervention	Oper1	7	with six different parties involved in the fighting , the situation make nato intervention extremely complicated , millon told vatican radio .
280	action	exert	exert action	Oper1	7	` ` when you exert lethal actions against sadr city you are de facto going against a fairly poor sector of the shia populace , '' he said .
281	survey	conduct	conduct survey	Oper1	7	to do that , the new rules say managed - care plans have to conduct surveys on the quality of patient care and make disclosures to the government about their pay practices .
282	sentence	hand	hand sentence	Oper1	7	and ` where are you going ? , '' judge barrington black said in hand down sentence .
283	advantage	enjoy	enjoy advantage	Oper1	7	the result left the outcome of the decider delicately balanced with asante enjoy home advantage on december 8 when the return match is staged in the central ghanaian city of kumasi .
284	consequence	have	have consequence	Oper1	7	the rs prime minister mladen ivanic said he did not expect plavsic 's plea to have any consequences for the serb - run entity , describing it as her ` ` personal view of ... how to best defend herself '' before the un tribunal .
285	sex	perform	perform sex	Oper1	7	he also pleaded guilty to corruption of minors for giving alcohol to a third girl and asking her to perform oral sex .
286	guess	take	take guess	Oper1	7	speaking of olazabal , take a guess what he did on the first hole thursday at the german masters ?
287	vacations	be	be vacations	Oper1	7	hendrick also said mears , who is leaving chip ganassi racing to take over the car driven by brian vickers , has be on vacations with his team and his family .
288	efforts	put	put efforts	Oper1	7	he called for put more efforts based on the asean spirit to achieve the asean 's goal .
289	gains	make	make gains	Oper1	7	pakistan - elections : hard - line islamic candidates hoping to make gains islamabad , pakistan _ running on anti - american sentiment and sympathies for the taliban , hard - line islamic parties are fielding hundreds of candidates in hopes of making gains against supporters of president pervez musharraf .
290	ties	have	have ties	Oper1	7	in the span of a single day , the government : _ recanted claims three people and three organizations have deliberate ties to al - qaida .
291	jury	sit on	sit on jury	Oper1	7	` ` he is n't even old enough to buy a beer , let alone sit on a jury , '' said benjamin jealous , program coordinator for the national coalition to abolish the death penalty , a washington , d.c. , anti - death - penalty group .
292	defeat	endure	endure defeat	Oper1	7	another senior bush official said that while the governor could endure a defeat here next saturday , it would be a crippling setback with the potential to lead major supporters to defect to mccain .
293	retreat	beat	beat retreat	Oper1	7	the attack was ` ` blunted '' and government troops beat a retreat , leaving behind tanks and other weapons .
294	category	fall	fall category	Oper1	7	for me , ` ` elle decor '' and ` ` architectural digest '' fall in this category .
295	flavor	have	have flavor	Oper1	7	can you imagine winston churchill quizzing a tobacconist about whether his cigars have a flavor of espresso with notes of hazelnut and dried orange peel on the palate and soft vegetal elements on the finish ?
296	fever	run	run fever	Oper1	7	national ( coded a ) valley - fever ( coalinga , calif. ) -- when any of the 5,300 inmates at pleasant valley state prison begin coughing and run a fever , doctors do not think flu , bronchitis or even the common cold .
297	leap	make	make leap	Oper1	7	while few rock stars have successfully make the leap to become legitimate film actors , hip - hop performers have transitioned easily from the streets to the silver screen .
298	burst	shoot	shoot burst	Oper1	7	we hear some of them shoot a burst or two into what looks like a restaurant with a big coca - cola sign over the entrance .
299	debut	make	make debut	Oper1	7	_ _ _ on the net : www.teatrolacuadra.com that was the week that was by the associated press entertainment highlights during the week of sept. 16 - 22 : in 1964 , ` ` bewitched , '' starring elizabeth montgomery , make its debut on abc .
300	place	hold	hold place	Oper1	7	` ` there are numerous verses in the quran saying the prophet muhammad and other prophets hold a place of special esteem . ''
301	analysis	conduct	conduct analysis	Oper1	7	christie todd whitman was the epa administrator when the career employees say they were told not to conduct the analysis .
302	analysis	make	make analysis	Oper1	7	jennifer vasquez , an austin nurse , said the proposed textbooks do n't include enough information about contraceptives to make that analysis .
303	part	play	play part	Oper1	7	following the final game , ichiro 's response to my questions disclosed a little of his dismay , as well as the cultural difference that play a part in the distance that has grown between him and his teammates .
304	call	give	give call	Oper1	7	` ` i am give a call for a mission to make the nation corruption - free as its removal will be an important foundation for our nation .
