237	carpet bombing	in a continent that had recently experienced carpet bombing and the death - camps the resonance of titus was obvious .	Partly compositional	Non-compositional	None of the above	Compositional	A
238	close call	it ' s going to be a close call as both teams will be expecting to beat the other .	None of the above	Partly compositional	Non-compositional	Compositional	C
239	closed book	the mentality of the average foreigner is a closed book to us .	Non-compositional	None of the above	Compositional	Partly compositional	A
240	cooking stove	the shepherd could be assured of a hot meal from the cast - iron cooking stove inside .	None of the above	Partly compositional	Non-compositional	Compositional	D
241	cotton candy	afraid your tot is being dumbed - down by too much cotton candy and miniature golf ?	None of the above	Compositional	Partly compositional	Non-compositional	C
