in a continent that had recently experienced carpet bombing and the death - camps the resonance of titus was obvious .	carpet bombing	Partly compositional	Non-compositional	None of the above	Compositional	A
it ' s going to be a close call as both teams will be expecting to beat the other .	close call	None of the above	Partly compositional	Non-compositional	Compositional	C
the mentality of the average foreigner is a closed book to us .	closed book	Non-compositional	None of the above	Compositional	Partly compositional	A
the shepherd could be assured of a hot meal from the cast - iron cooking stove inside .	cooking stove	None of the above	Partly compositional	Non-compositional	Compositional	D
afraid your tot is being dumbed - down by too much cotton candy and miniature golf ?	cotton candy	None of the above	Compositional	Partly compositional	Non-compositional	C
