Text	Options	Answer
died . details of any special gifts you wish to make ( e . g . jewellery , grandfather clock etc . ) details of any legacies you wish to make ( e . g . ¬£ 500 to[SEP]grandfather clock	Compositional[SEP]Partly compositional[SEP]Non-compositional[SEP]None of the above	2
button to confirm the order placed . the client shall provide his / her credit card details , the type , the expiry date and the security code ( 3 last[SEP]credit card	Compositional[SEP]Partly compositional[SEP]Non-compositional[SEP]None of the above	0
7 times your salary works very well if coupled with rising property prices and low interest rates but think carefully about what may happen to your personal financial commitments should that trend[SEP]interest rate	Compositional[SEP]Partly compositional[SEP]Non-compositional[SEP]None of the above	0
a total of 145 , 000 coins , and you ' ve got a tonne . on their face value , those coins are worth just ¬£ 2 , 900 . but taking them to a scrap[SEP]face value	Compositional[SEP]Partly compositional[SEP]Non-compositional[SEP]None of the above	2
for a head hunter , networking is all about visibility and profile .[SEP]head hunter	Compositional[SEP]Partly compositional[SEP]Non-compositional[SEP]None of the above	2
this report stimulated widespread discussion among the governmental representatives attending the peace conference .[SEP]peace conference	Compositional[SEP]Partly compositional[SEP]Non-compositional[SEP]None of the above	0
words and music are closely matched , and the composer introduces word painting .[SEP]word painting	Compositional[SEP]Partly compositional[SEP]Non-compositional[SEP]None of the above	1
not only , got to be connected into things but also to be a decent human being ¬ö all that power can be corrupting . jc : the greatest strength of the[SEP]human being	Compositional[SEP]Partly compositional[SEP]Non-compositional[SEP]None of the above	0
the town centre is now deserted - it ' s almost like a ghost town ![SEP]ghost town	Compositional[SEP]Partly compositional[SEP]Non-compositional[SEP]None of the above	1
pc tries to improve on cellular phone privacy and security by incorporating cryptographic techniques .[SEP]cellular phone	Compositional[SEP]Partly compositional[SEP]Non-compositional[SEP]None of the above	1
his interests are effectiveness of public health interventions and the measurement of health care performance , including alternative medicines .[SEP]health care	Compositional[SEP]Partly compositional[SEP]Non-compositional[SEP]None of the above	0
the criminals are after big fishes than journalists , and usually concentrate on the richer countries .[SEP]big fish	Compositional[SEP]Partly compositional[SEP]Non-compositional[SEP]None of the above	2
i loved my father ' s old fairy tale books .[SEP]fairy tale	Compositional[SEP]Partly compositional[SEP]Non-compositional[SEP]None of the above	1
self - discipline . food can also be about weight , and weight gain - an instant guilt trip for many women . some women live in areas , and on incomes , where[SEP]guilt trip	Compositional[SEP]Partly compositional[SEP]Non-compositional[SEP]None of the above	2
you can spot the stag and hen parties easily because they always dress in stupid outfits or matching t - shirts with their names printed on .[SEP]hen party	Compositional[SEP]Partly compositional[SEP]Non-compositional[SEP]None of the above	1
we ' re sure the competition is working hard on releasing copy cat products .[SEP]copy cat	Compositional[SEP]Partly compositional[SEP]Non-compositional[SEP]None of the above	1
all translators ranslate into mother tongue and live in - country .[SEP]mother tongue	Compositional[SEP]Partly compositional[SEP]Non-compositional[SEP]None of the above	2
wins battle for the . no domain name one of the world ' s most popular search engines won the rights thursday to the norwegian domain " google . no . " it[SEP]search engine	Compositional[SEP]Partly compositional[SEP]Non-compositional[SEP]None of the above	1
i ' ve just spent a week trawling round silicon valley , talking to a mix of developers , entrepreneurs , venture capitalists , industry observers and big cheeses from well established companies .[SEP]big cheese	Compositional[SEP]Partly compositional[SEP]Non-compositional[SEP]None of the above	2
seller , two ice cream vendors , a fruit stall , a beggar and a sacred cow have all arrived on the scene . about two dozen adults are waiting to go[SEP]sacred cow	Compositional[SEP]Partly compositional[SEP]Non-compositional[SEP]None of the above	2
hear all about the fascinating stages of chocolate making , sample different cocoa beans and cocoa butter .[SEP]cocoa butter	Compositional[SEP]Partly compositional[SEP]Non-compositional[SEP]None of the above	0
one month later still another bad hat came along to further harass him[SEP]bad hat	Compositional[SEP]Partly compositional[SEP]Non-compositional[SEP]None of the above	2
other elements in the periodic table react with other elements to gain the ' more stable ' noble gas configuration .[SEP]noble gas	Compositional[SEP]Partly compositional[SEP]Non-compositional[SEP]None of the above	1
this is similar to jet lag , where rapid travel between time zones means that you find yourself awake when everybody else is asleep[SEP]jet lag	Compositional[SEP]Partly compositional[SEP]Non-compositional[SEP]None of the above	1
it is only polite that she doesn ' t start treating me like some sort of sugar daddy .[SEP]sugar daddy	Compositional[SEP]Partly compositional[SEP]Non-compositional[SEP]None of the above	2
whilst we ' re relieved that this is the outcome of the chancellor ' s deliberations over uk sports ' proposals , the government also has to look at the big picture .[SEP]big picture	Compositional[SEP]Partly compositional[SEP]Non-compositional[SEP]None of the above	2
it is committed to it ' s continued development of new products and the implementation of cutting edge online coaching educational services . our company will be launching several new and exciting projects[SEP]cutting edge	Compositional[SEP]Partly compositional[SEP]Non-compositional[SEP]None of the above	2
the epsiode " gambit " is a fantastic episode full of plotting , sub plotting , betrayal , double cross , a game of chess , and the bbc costume departement going wild ![SEP]double cross	Compositional[SEP]Partly compositional[SEP]Non-compositional[SEP]None of the above	2
them as they go . they might tuck their legs under their groin in a lotus position , increasing their flexibility and movement of limbs and help them to release their stiffness[SEP]lotus position	Compositional[SEP]Partly compositional[SEP]Non-compositional[SEP]None of the above	1
has been an acceptable outturn for this season for most of us since we hit rock bottom at xmas . some fans were talking about the club being relegated and being better[SEP]rock bottom	Compositional[SEP]Partly compositional[SEP]Non-compositional[SEP]None of the above	2
after restoration in 1876 and again in 1905 , the building re - opened for divine service .[SEP]divine service	Compositional[SEP]Partly compositional[SEP]Non-compositional[SEP]None of the above	0
an english style pub ) and more formal dining . there is a library , swimming pool , squash courts , a gym and various other athletic facilities . business / casual[SEP]swimming pool	Compositional[SEP]Partly compositional[SEP]Non-compositional[SEP]None of the above	0
myths have become popularly known as smoke screens and are largely being peddled by the anti - gmo activists .[SEP]smoke screen	Compositional[SEP]Partly compositional[SEP]Non-compositional[SEP]None of the above	2
commission on each listing and sale . some people view the site as an online flea market where supply and demand dictate prices . whatever you call it , ebay has built[SEP]flea market	Compositional[SEP]Partly compositional[SEP]Non-compositional[SEP]None of the above	2
one less hour for debate , so those on the tory front bench are shedding crocodile tears . listening to the debates on some of the amendments this afternoon , i felt[SEP]crocodile tear	Compositional[SEP]Partly compositional[SEP]Non-compositional[SEP]None of the above	2
blood had also dripped onto the judge ' s striped bow tie .[SEP]bow tie	Compositional[SEP]Partly compositional[SEP]Non-compositional[SEP]None of the above	1
ranging from irish folk to music from asia minor ; zuba - providing a global melting pot of world beat flavours , afro beat influences and traditional folk - based lyrical tales ; barrioviejo[SEP]melting pot	Compositional[SEP]Partly compositional[SEP]Non-compositional[SEP]None of the above	2
what was meant to be the perfect crime turns into a nasty gang war resulting in a blood bath on the glorious streets of 1950s paris .[SEP]blood bath	Compositional[SEP]Partly compositional[SEP]Non-compositional[SEP]None of the above	2
, design and environmental initiatives . the group is intended to act as a think tank ' and offer expertise to the development community and statutory regeneration agencies . general comments[SEP]think tank	Compositional[SEP]Partly compositional[SEP]Non-compositional[SEP]None of the above	2
. for the keen , it has more information about the commands used by the mailing list software . if your confirmation e - mail went through successfully , you will be sent an[SEP]mailing list	Compositional[SEP]Partly compositional[SEP]Non-compositional[SEP]None of the above	0
the crime rate in australia is low , however travellers should be aware that tourists could be targeted by petty criminals .[SEP]crime rate	Compositional[SEP]Partly compositional[SEP]Non-compositional[SEP]None of the above	0
thailand ' s monsoons arrive around july and last into november ( the ' rainy season ' ) .[SEP]rainy season	Compositional[SEP]Partly compositional[SEP]Non-compositional[SEP]None of the above	0
fair play incorporates the concepts of friendship , respect for others and always playing in the right spirit .[SEP]fair play	Compositional[SEP]Partly compositional[SEP]Non-compositional[SEP]None of the above	1
he learns the truth , that his mistress is also his half sister .[SEP]half sister	Compositional[SEP]Partly compositional[SEP]Non-compositional[SEP]None of the above	1
the incubation period , from exposure to the appearance of the rash , is usually 14 to 21 days .[SEP]incubation period	Compositional[SEP]Partly compositional[SEP]Non-compositional[SEP]None of the above	0
a computer user may call over the telephone to a computer expert for advice when things go wrong .[SEP]computer expert	Compositional[SEP]Partly compositional[SEP]Non-compositional[SEP]None of the above	0
on the fate of the acle straight within weeks . this is seen as an acid test of the government ' s commitment to protecting our most valuable environments ( 3 ) .[SEP]acid test	Compositional[SEP]Partly compositional[SEP]Non-compositional[SEP]None of the above	2
just between you and me he ' s a bit of a nut case .[SEP]nut case	Compositional[SEP]Partly compositional[SEP]Non-compositional[SEP]None of the above	2
in a christian preaching ministry in any denomination for at least two years . the application form for the mth course is available on the spurgeon ' s or as a download ([SEP]application form	Compositional[SEP]Partly compositional[SEP]Non-compositional[SEP]None of the above	0
beck cyril & sylvia congratulations on your beck cyril & sylvia congratulations on your diamond wedding anniversarie july 20 th 2006 much love from melvyn , margaret , stewart , pam[SEP]diamond wedding	Compositional[SEP]Partly compositional[SEP]Non-compositional[SEP]None of the above	2
my client is one of the most recognised brands in the financial services market place .[SEP]market place	Compositional[SEP]Partly compositional[SEP]Non-compositional[SEP]None of the above	0
it comprises 12 months of 30 days , plus 5 days ( 6 in a leap year ) ; each month has 3 decades of 10 days .[SEP]leap year	Compositional[SEP]Partly compositional[SEP]Non-compositional[SEP]None of the above	1
. " when we advocate sustainable development of air transport , we are not paying lip service to the environment , rather we are calling for a comprehensive set of measures to[SEP]lip service	Compositional[SEP]Partly compositional[SEP]Non-compositional[SEP]None of the above	2
the arbitrary removal of metal objects from the ground inevitably will jeopardise both present and future field work .[SEP]field work	Compositional[SEP]Partly compositional[SEP]Non-compositional[SEP]None of the above	1
the benefits of exercise are well known and include conditioning of the heart , lungs and muscles as well as improved skin tone .[SEP]skin tone	Compositional[SEP]Partly compositional[SEP]Non-compositional[SEP]None of the above	0
complains , and gains , most from taxes and government - from the federal government gravy train might provide the right with just the kind of crash course in addition and subtraction[SEP]gravy train	Compositional[SEP]Partly compositional[SEP]Non-compositional[SEP]None of the above	2
. i know you can say that birds are only too keen to demonstrate the pecking order and some may conveniently be described as bullies . but by and large everyone gets[SEP]pecking order	Compositional[SEP]Partly compositional[SEP]Non-compositional[SEP]None of the above	1
. on 11 october 2005 the first round of presidential elections were held . the front runner george weah led the field with 28 % followed by former world bank official ellen[SEP]front runner	Compositional[SEP]Partly compositional[SEP]Non-compositional[SEP]None of the above	1
no wonder tom couldn ' t work with him ; he is a wet blanket .[SEP]wet blanket	Compositional[SEP]Partly compositional[SEP]Non-compositional[SEP]None of the above	2
prince came onboard to have a large benign tumour removed from his head .[SEP]benign tumour	Compositional[SEP]Partly compositional[SEP]Non-compositional[SEP]None of the above	1
and doing showcases , i had lots of irons in the fire . the only game plan i had was when to finish university , which was when everyone else was getting[SEP]game plan	Compositional[SEP]Partly compositional[SEP]Non-compositional[SEP]None of the above	1
every week of the football season there is always a top class football match to watch .[SEP]football season	Compositional[SEP]Partly compositional[SEP]Non-compositional[SEP]None of the above	0
women are continuing to slowly break through the glass ceiling of uk business and increase their company ' s profitability , according to new research .[SEP]glass ceiling	Compositional[SEP]Partly compositional[SEP]Non-compositional[SEP]None of the above	2
sam was replaced in injury time having just missed a try scoring opportunity .[SEP]injury time	Compositional[SEP]Partly compositional[SEP]Non-compositional[SEP]None of the above	1
ferrara and holmes double - team canadian sex bomb bella marie wolf .[SEP]sex bomb	Compositional[SEP]Partly compositional[SEP]Non-compositional[SEP]None of the above	1
subway stations also were hit in up to seven apparently coordinated blasts in the morning rush hour . trackback uri rss feed for comments on this post 1 comment ¬ª trackback by[SEP]rush hour	Compositional[SEP]Partly compositional[SEP]Non-compositional[SEP]None of the above	1
we spend our formative years being obsessed by the city and considering suburb as a dirty word .[SEP]dirty word	Compositional[SEP]Partly compositional[SEP]Non-compositional[SEP]None of the above	1
rice paper is a thinner paper which is also used in the manufacture of chinese and japanese lanterns .[SEP]rice paper	Compositional[SEP]Partly compositional[SEP]Non-compositional[SEP]None of the above	1
particular aircraft . i also have to define the control surfaces , probably with ' fine line decals ' . the small size of my models means that some components have to[SEP]fine line	Compositional[SEP]Partly compositional[SEP]Non-compositional[SEP]None of the above	1
in ghana , 6 , 000 babies are living on the streets of accra with their street girl mothers .[SEP]street girl	Compositional[SEP]Partly compositional[SEP]Non-compositional[SEP]None of the above	1
we are exhausting fossil fuels and using dangerous radioactive materials to produce energy and run cars .[SEP]radioactive material	Compositional[SEP]Partly compositional[SEP]Non-compositional[SEP]None of the above	0
i also provide disco for engagement evenings , wedding evenings , wedding anniversaries , stag / hen parties .[SEP]wedding anniversary	Compositional[SEP]Partly compositional[SEP]Non-compositional[SEP]None of the above	0
feel as if this baby is more important than they are . " counsellor and agony aunt suzie hayman , author of the relate guide to second families ( vermilion ) ,[SEP]agony aunt	Compositional[SEP]Partly compositional[SEP]Non-compositional[SEP]None of the above	2
allowing younger workers to save some of their taxes in a personal account√ç - - a nest egg you can call your own , and government can never take away . in all[SEP]nest egg	Compositional[SEP]Partly compositional[SEP]Non-compositional[SEP]None of the above	2
under one - party - rule there was no elbow room for the democratisation of taiwan .[SEP]elbow room	Compositional[SEP]Partly compositional[SEP]Non-compositional[SEP]None of the above	2
. some people have felt the light commanding them to opt out of the rat race ' perhaps to abandon a status - driven career path in favour of work that embodies[SEP]rat race	Compositional[SEP]Partly compositional[SEP]Non-compositional[SEP]None of the above	2
it may be that the pay - off for using bleach free products is a little more elbow grease ![SEP]elbow grease	Compositional[SEP]Partly compositional[SEP]Non-compositional[SEP]None of the above	2
if you try to transmit , in digital mode , into an analog repeater , all the analog radios on the repeater will simply hear white noise .[SEP]white noise	Compositional[SEP]Partly compositional[SEP]Non-compositional[SEP]None of the above	1
the record company posted a net income of $ 178 million on sales .[SEP]net income	Compositional[SEP]Partly compositional[SEP]Non-compositional[SEP]None of the above	0
the partially - deaf defendant stood in the dock wearing a blue shirt and was flanked by a single prison guard .[SEP]prison guard	Compositional[SEP]Partly compositional[SEP]Non-compositional[SEP]None of the above	0
she is an old flame of steve ' s , so he invites her to lunch .[SEP]old flame	Compositional[SEP]Partly compositional[SEP]Non-compositional[SEP]None of the above	2
the mentality of the average foreigner is a closed book to us .[SEP]closed book	Compositional[SEP]Partly compositional[SEP]Non-compositional[SEP]None of the above	2
the road above leaks into the catacombs of a subway system .[SEP]subway system	Compositional[SEP]Partly compositional[SEP]Non-compositional[SEP]None of the above	0
it ' s done merely to maintain the visual appearance and extend the shelf life .[SEP]shelf life	Compositional[SEP]Partly compositional[SEP]Non-compositional[SEP]None of the above	2
claw . the central characters are great too , eriko sato is more than just eye candy as honey ( although she is absolutely stunning , and spends several scenes running around[SEP]eye candy	Compositional[SEP]Partly compositional[SEP]Non-compositional[SEP]None of the above	2
i ' d forgotten what a basket case i am at the end of pregnancy ( mind you , last time i was for the whole 9 months ![SEP]basket case	Compositional[SEP]Partly compositional[SEP]Non-compositional[SEP]None of the above	2
the science of economics has been led up a blind alley by theories that have made it seem increasingly remote and unreal to anyone outside the academic community .[SEP]blind alley	Compositional[SEP]Partly compositional[SEP]Non-compositional[SEP]None of the above	2
her to do any more work that night was an impossibility ; she was on cloud nine ! ¬î remembers fenia . " jill was not only a genuine and natural warm[SEP]cloud nine	Compositional[SEP]Partly compositional[SEP]Non-compositional[SEP]None of the above	2
all stories aside neil is a great mate and it made me extremely proud to be asked to be his best man[SEP]best man	Compositional[SEP]Partly compositional[SEP]Non-compositional[SEP]None of the above	1
festivals were held in honour of events that were important to people ' s daily lives ; eg , the change of seasons , harvest , and the summer and winter solstices .[SEP]winter solstice	Compositional[SEP]Partly compositional[SEP]Non-compositional[SEP]None of the above	0
a more recent development is the web - based mail service , such as hotmail , yahoo mail , and others .[SEP]mail service	Compositional[SEP]Partly compositional[SEP]Non-compositional[SEP]None of the above	0
i love being a busy bee but i would like a bit of ' jill ' time .[SEP]busy bee	Compositional[SEP]Partly compositional[SEP]Non-compositional[SEP]None of the above	2
can simply update the firmware and modem drivers by downloading patches from the modem manufacturers web site . it may be best to contact the manufacturers of your modem in the first[SEP]web site	Compositional[SEP]Partly compositional[SEP]Non-compositional[SEP]None of the above	1
i think perhaps that zap - it - up games are becoming a little bit old hat .[SEP]old hat	Compositional[SEP]Partly compositional[SEP]Non-compositional[SEP]None of the above	2
- studying and observing individuals whose personal success in their field qualifies them as exceptional role models . no wonder they call it the study of excellence - the art of change[SEP]role model	Compositional[SEP]Partly compositional[SEP]Non-compositional[SEP]None of the above	1
ou can ' t hit a home run every time up at bat , but at least i want to show that i ' m trying my best .[SEP]home run	Compositional[SEP]Partly compositional[SEP]Non-compositional[SEP]None of the above	1
cause is often a breakdown in communication or record keeping and the hunt for the smoking gun ( the post - it - note on the job docket ) is the only way proof can be[SEP]smoking gun	Compositional[SEP]Partly compositional[SEP]Non-compositional[SEP]None of the above	2
you can pay with bank transfer directly into our bank accounts . we hold them in the cattle bank in nebraska , usa , and with branches of the hsbc[SEP]bank account	Compositional[SEP]Partly compositional[SEP]Non-compositional[SEP]None of the above	0
meeting this standard in their teaching , the analysis of , for example , video - based case studies of pupils for whom english is an additional language or the preparation of resources might[SEP]case study	Compositional[SEP]Partly compositional[SEP]Non-compositional[SEP]None of the above	0
appropriate ro systems , there are far fewer with the resources and expertise to help end users maximise the return on their investment once the installation and commissioning engineers√¢ ¬ä ¬ô work[SEP]end user	Compositional[SEP]Partly compositional[SEP]Non-compositional[SEP]None of the above	1
. " to get two letters passing it further down the line underlines the rather ivory tower approach by senior officers . " yesterday , a police spokesman said : " bedfordshire[SEP]ivory tower	Compositional[SEP]Partly compositional[SEP]Non-compositional[SEP]None of the above	2
pupils to safeguard their reputation or position in school league tables . the association said head teachers had reduced their " tolerance threshold " for bad behaviour because competition for pupils and[SEP]head teacher	Compositional[SEP]Partly compositional[SEP]Non-compositional[SEP]None of the above	1
in this way , the vest resembles a typical ' life vest ' used by boaters .[SEP]life vest	Compositional[SEP]Partly compositional[SEP]Non-compositional[SEP]None of the above	1
in the meyrick suite , bic at 12 . 45 pm . hmm , that ' s the graveyard shift of conference week is n ' t it ? not at all - it ' s the fringe meeting so[SEP]graveyard shift	Compositional[SEP]Partly compositional[SEP]Non-compositional[SEP]None of the above	2
accidental exposures in radiotherapy continue to occur ; radiation injuries continue to be caused in interventional medical procedures .[SEP]medical procedure	Compositional[SEP]Partly compositional[SEP]Non-compositional[SEP]None of the above	0
he was accused by the daily mirror of living the high life at the charity ' s expense .[SEP]high life	Compositional[SEP]Partly compositional[SEP]Non-compositional[SEP]None of the above	1
shopping , the first thing to remember is that you should not park in the parking lot and walk to the mall buildings , because you will probably get killed . instead[SEP]parking lot	Compositional[SEP]Partly compositional[SEP]Non-compositional[SEP]None of the above	0
carmella is missing , but will private eye connor take the case ?[SEP]private eye	Compositional[SEP]Partly compositional[SEP]Non-compositional[SEP]None of the above	1
night at 11 . 00 p . m . some two years earlier he had followed a cyclist in his panda car from the village , hoping that the man would realise he had failed to switch[SEP]panda car	Compositional[SEP]Partly compositional[SEP]Non-compositional[SEP]None of the above	2
you ' ll mix with other gangs and prove who the top dog is .[SEP]top dog	Compositional[SEP]Partly compositional[SEP]Non-compositional[SEP]None of the above	2
we ' re reassured that he ' s exercising sound judgement in this situation .[SEP]sound judgement	Compositional[SEP]Partly compositional[SEP]Non-compositional[SEP]None of the above	0
you can use the product global function to do matrix - matrix inner product multiplication .[SEP]inner product	Compositional[SEP]Partly compositional[SEP]Non-compositional[SEP]None of the above	1
afraid your tot is being dumbed - down by too much cotton candy and miniature golf ?[SEP]cotton candy	Compositional[SEP]Partly compositional[SEP]Non-compositional[SEP]None of the above	1
lardner shared an academy award for best original screenplay with michael kanin in 1942 for woman of the year[SEP]academy award	Compositional[SEP]Partly compositional[SEP]Non-compositional[SEP]None of the above	1
the soldiers either experienced something they really objected to , or were ordered to disperse people , and suddenly tear gas started to fly .[SEP]tear gas	Compositional[SEP]Partly compositional[SEP]Non-compositional[SEP]None of the above	0
for developing speaking and listening skills ! and then there are those who enjoy the number crunching . kieran and joe in miss moran ' s class ensure that our score boards are[SEP]number crunching	Compositional[SEP]Partly compositional[SEP]Non-compositional[SEP]None of the above	1
the times educational supplement ) and as a broadcaster for the bbc and various independent radio stations . he was the editor of books for keeps from 1989 till 1996 when it[SEP]radio station	Compositional[SEP]Partly compositional[SEP]Non-compositional[SEP]None of the above	0
the house is located on a dead end street .[SEP]dead end	Compositional[SEP]Partly compositional[SEP]Non-compositional[SEP]None of the above	2
i ' ve written the guestbook myself in asp and it was the shock that someone was targeting my low profile site which i found a bit creepy .[SEP]low profile	Compositional[SEP]Partly compositional[SEP]Non-compositional[SEP]None of the above	2
anstey had passed through the speed trap at 188 mph ( 300 . 6 km / h ) .[SEP]speed trap	Compositional[SEP]Partly compositional[SEP]Non-compositional[SEP]None of the above	1
but ford has devised a test to prove them wrong - - and i agreed to play guinea pig .[SEP]guinea pig	Compositional[SEP]Partly compositional[SEP]Non-compositional[SEP]None of the above	2
