000	car park	delightful en - suite bedrooms , cosy dining room and conservatory lounge overlooking our gardens and private car park . non smoking . waterbury guest house murthly terrace , birnam , perthshire , ph	Compositional	None of the above	Partly compositional	Non-compositional	C
001	case study	meeting this standard in their teaching , the analysis of , for example , video - based case studies of pupils for whom english is an additional language or the preparation of resources might	Non-compositional	None of the above	Partly compositional	Compositional	D
002	cash cow	at the back there . grammar makes for good headlines , unlikely best - sellers and elt cash cows because deep down and for all sorts of reasons we wish it would do a	Compositional	None of the above	Non-compositional	Partly compositional	C
003	fair play	fair play incorporates the concepts of friendship , respect for others and always playing in the right spirit .	Compositional	Partly compositional	None of the above	Non-compositional	B
004	fairy tale	i loved my father ' s old fairy tale books .	None of the above	Compositional	Non-compositional	Partly compositional	D
005	fall guy	and though the chairman and chief executive have been the fall guys , much of the blame that has been placed upon them is a little unfair .	None of the above	Partly compositional	Compositional	Non-compositional	B
006	chain reaction	more modern methods are used to amplify portions of dna , typified by the polymerase chain reaction ( pcr ) . the use of dna sequencing has rendered distance measures such as	Compositional	Partly compositional	Non-compositional	None of the above	B
007	field work	the arbitrary removal of metal objects from the ground inevitably will jeopardise both present and future field work .	None of the above	Non-compositional	Compositional	Partly compositional	D
008	football season	every week of the football season there is always a top class football match to watch .	None of the above	Compositional	Non-compositional	Partly compositional	B
009	fresh water	finally , increased fresh water from melting glaciers and sea ice could alter ocean circulation patterns and destabilize regional climate patterns .	Compositional	Non-compositional	None of the above	Partly compositional	D
010	critical review	you may be asked in the course of your studies to write a critical review .	Non-compositional	Partly compositional	Compositional	None of the above	C
011	ghost town	the town centre is now deserted - it ' s almost like a ghost town !	Compositional	Non-compositional	Partly compositional	None of the above	C
012	cheat sheet	malaya , africa , etc . designed for skirmish to company level games . includes cheat sheet ' . . . . 5 . 75 ( plus 70 p p & p ) feba +	Non-compositional	Partly compositional	None of the above	Compositional	B
013	glass ceiling	women are continuing to slowly break through the glass ceiling of uk business and increase their company ' s profitability , according to new research .	Partly compositional	None of the above	Non-compositional	Compositional	C
014	dead end	the house is located on a dead end street .	Compositional	None of the above	Non-compositional	Partly compositional	C
015	grass root	i have asked the arts council to develop strategies to recognise the importance of community , grass roots activity in developing the arts in wales .	Non-compositional	Compositional	Partly compositional	None of the above	A
016	china clay	the ' lunar ' qualities of the landscape , dramatically shaped by the working of china clay , forming peaks and platforms of waste sand and pits often flooded with turquoise green	Compositional	None of the above	Non-compositional	Partly compositional	D
017	dirty word	we spend our formative years being obsessed by the city and considering suburb as a dirty word .	Partly compositional	None of the above	Non-compositional	Compositional	A
018	hard drive	all these temporary files will slow down your computer , take up space on your hard drive ( memory ) .	Non-compositional	Partly compositional	Compositional	None of the above	B
019	climate change	more energy - saving cars . last and not least , at the international summit meeting on climate change in kyoto in 1997 , all countries agreed to make cuts in their production of	None of the above	Compositional	Partly compositional	Non-compositional	B
020	academy award	lardner shared an academy award for best original screenplay with michael kanin in 1942 for woman of the year	Compositional	Partly compositional	Non-compositional	None of the above	B
021	cloud nine	her to do any more work that night was an impossibility ; she was on cloud nine ! ¬î remembers fenia . " jill was not only a genuine and natural warm	Partly compositional	Compositional	Non-compositional	None of the above	C
022	head hunter	for a head hunter , networking is all about visibility and profile .	Partly compositional	Non-compositional	None of the above	Compositional	B
023	divine service	after restoration in 1876 and again in 1905 , the building re - opened for divine service .	None of the above	Partly compositional	Non-compositional	Compositional	D
024	arcade game	the monkey in the game is king kong and it is another version of the classic arcade game donkey kong .	Partly compositional	Compositional	None of the above	Non-compositional	A
025	baby blues	while as many as 80 % of mothers experience a temporary and mild condition referred to as the baby blues , up to 15 % of women have the more severe reaction you ' re experiencing .	Compositional	None of the above	Partly compositional	Non-compositional	C
026	cocktail dress	ladies ) . formal evenings require a suit or dinner jacket for men and a cocktail dress for ladies . the rating for children is very good . facilities for children are	None of the above	Compositional	Non-compositional	Partly compositional	D
027	health care	his interests are effectiveness of public health interventions and the measurement of health care performance , including alternative medicines .	None of the above	Non-compositional	Compositional	Partly compositional	C
028	law firm	and israel . since the 60 s , clintons , as one of the leading law firms in the music industry , has represented artists in the pop , rock and classical	None of the above	Partly compositional	Non-compositional	Compositional	D
029	heavy cross	having to pay back university top - up fees is a heavy cross to carry , especially for those graduates from less well - off homes .	Partly compositional	Non-compositional	None of the above	Compositional	B
030	backroom boy	there are lots of technical and scientific staff whom you never see who are deeply involved in your disease : they often get forgotten as ' backroom boys and girls '	Non-compositional	Partly compositional	Compositional	None of the above	A
031	couch potato	, " he added . the ultimate aim of the project is good news for couch potatoes everywhere - to give patients ' bones the benefits of exercise without having to exert	None of the above	Partly compositional	Non-compositional	Compositional	C
032	hen party	you can spot the stag and hen parties easily because they always dress in stupid outfits or matching t - shirts with their names printed on .	Non-compositional	Partly compositional	Compositional	None of the above	B
033	crash course	continued on its ground level flight a skein of geese came flying across on a crash course and both had to take emergency manoeuvres to avoid each other - the soldier sat	Partly compositional	Non-compositional	Compositional	None of the above	B
034	lip service	. " when we advocate sustainable development of air transport , we are not paying lip service to the environment , rather we are calling for a comprehensive set of measures to	Partly compositional	Compositional	None of the above	Non-compositional	D
035	bad apple	the problem for them , of course , is how to explain how these few bad apples managed to stay in place for so many years .	Partly compositional	Non-compositional	None of the above	Compositional	A
036	credit card	button to confirm the order placed . the client shall provide his / her credit card details , the type , the expiry date and the security code ( 3 last	Partly compositional	Compositional	Non-compositional	None of the above	B
037	home run	ou can ' t hit a home run every time up at bat , but at least i want to show that i ' m trying my best .	Compositional	None of the above	Non-compositional	Partly compositional	D
038	banana republic	the result is our roads are more congested than ever before ; so congested , indeed , that we seem less like the world ' s fourth - largest economy and more like the most inept banana republic .	None of the above	Non-compositional	Partly compositional	Compositional	B
039	crocodile tear	one less hour for debate , so those on the tory front bench are shedding crocodile tears . listening to the debates on some of the amendments this afternoon , i felt	Compositional	Non-compositional	None of the above	Partly compositional	B
040	lotus position	them as they go . they might tuck their legs under their groin in a lotus position , increasing their flexibility and movement of limbs and help them to release their stiffness	Compositional	None of the above	Non-compositional	Partly compositional	D
041	eager beaver	if you are a really eager beaver you can pre - order the dvd now from either of the below retailers .	Partly compositional	None of the above	Non-compositional	Compositional	C
042	bankruptcy proceeding	geoffrey richmond was today the subject of bankruptcy proceedings at leeds crown court with debts of around £ 3 . 3 million following the collapse of a business .	Partly compositional	Compositional	None of the above	Non-compositional	B
043	mailing list	. for the keen , it has more information about the commands used by the mailing list software . if your confirmation e - mail went through successfully , you will be sent an	Partly compositional	Non-compositional	None of the above	Compositional	D
044	cutting edge	it is committed to it ' s continued development of new products and the implementation of cutting edge online coaching educational services . our company will be launching several new and exciting projects	Compositional	Partly compositional	Non-compositional	None of the above	C
045	economic aid	a government ' s success in reducing population movement should be a key factor in allocating economic aid .	Non-compositional	Partly compositional	Compositional	None of the above	C
046	honey trap	by planting a local weed ( napier grass ) , pests are lured away from the corn into a honey trap .	None of the above	Compositional	Non-compositional	Partly compositional	D
047	melting pot	ranging from irish folk to music from asia minor ; zuba - providing a global melting pot of world beat flavours , afro beat influences and traditional folk - based lyrical tales ; barrioviejo	None of the above	Partly compositional	Non-compositional	Compositional	C
048	basket case	i ' d forgotten what a basket case i am at the end of pregnancy ( mind you , last time i was for the whole 9 months !	None of the above	Compositional	Non-compositional	Partly compositional	C
049	diamond wedding	beck cyril & sylvia congratulations on your beck cyril & sylvia congratulations on your diamond wedding anniversarie july 20 th 2006 much love from melvyn , margaret , stewart , pam	None of the above	Compositional	Non-compositional	Partly compositional	C
050	elbow grease	it may be that the pay - off for using bleach free products is a little more elbow grease !	Non-compositional	Compositional	Partly compositional	None of the above	A
051	memory lane	sussex county council ' s children ' s services as " excel more ¬ª trip down memory lane from the early 1940 ' s when beaches were a heavily defended no go area ,	Compositional	None of the above	Non-compositional	Partly compositional	D
052	end user	appropriate ro systems , there are far fewer with the resources and expertise to help end users maximise the return on their investment once the installation and commissioning engineers√¢ ¬ä ¬ô work	Compositional	None of the above	Non-compositional	Partly compositional	D
053	incubation period	the incubation period , from exposure to the appearance of the rash , is usually 14 to 21 days .	Compositional	Non-compositional	Partly compositional	None of the above	A
054	elbow room	under one - party - rule there was no elbow room for the democratisation of taiwan .	Compositional	Partly compositional	None of the above	Non-compositional	D
055	engine room	1916 , hms king edward vii was mined off cape wrath , and with both engine rooms flooded hms king edward vii capsized 12 hours later and sunk . kinsha name origin	Non-compositional	Compositional	None of the above	Partly compositional	B
056	information age	computers are playing an ever increasing role in the delivery of education and training , and are indeed the nexus of the information age .	Non-compositional	Compositional	None of the above	Partly compositional	B
057	best man	all stories aside neil is a great mate and it made me extremely proud to be asked to be his best man	Compositional	None of the above	Partly compositional	Non-compositional	C
058	eye candy	claw . the central characters are great too , eriko sato is more than just eye candy as honey ( although she is absolutely stunning , and spends several scenes running around	Partly compositional	None of the above	Compositional	Non-compositional	D
059	injury time	sam was replaced in injury time having just missed a try scoring opportunity .	Non-compositional	None of the above	Partly compositional	Compositional	C
060	monkey business	the lessons . ' in o ' brien ' s case the prosecutor said " clearly monkey business " had occurred with police notes . in interrogation i was offered ¬£ 10 , 000 to	Partly compositional	Non-compositional	None of the above	Compositional	B
061	face value	a total of 145 , 000 coins , and you ' ve got a tonne . on their face value , those coins are worth just ¬£ 2 , 900 . but taking them to a scrap	None of the above	Partly compositional	Compositional	Non-compositional	D
062	big cheese	i ' ve just spent a week trawling round silicon valley , talking to a mix of developers , entrepreneurs , venture capitalists , industry observers and big cheeses from well established companies .	Compositional	None of the above	Partly compositional	Non-compositional	D
063	nest egg	allowing younger workers to save some of their taxes in a personal account√ç - - a nest egg you can call your own , and government can never take away . in all	Compositional	Partly compositional	None of the above	Non-compositional	D
064	big picture	whilst we ' re relieved that this is the outcome of the chancellor ' s deliberations over uk sports ' proposals , the government also has to look at the big picture .	Partly compositional	Non-compositional	Compositional	None of the above	B
065	night owl	constant battle for us , as he is a morning person & i am a night owl , so i find that going to sleep at 9 . 30 really cuts out the best	Compositional	Non-compositional	None of the above	Partly compositional	B
066	eternal rest	the passengers , with early morning porridge complexions , don ' t look far from eternal rest .	None of the above	Compositional	Partly compositional	Non-compositional	C
067	fashion plate	9 ) . dr alice mackrell , a costume historian specializing in the history of fashion plates , is also the author of several books , including art and fashion ( isbn	Partly compositional	None of the above	Non-compositional	Compositional	C
068	fish story	i have a fish story to tell you .	None of the above	Non-compositional	Compositional	Partly compositional	D
069	big wig	the popstar turned dj has been booked as a panellist on the bbc ' s question time , a slot more usually reserved for political big wigs and the like .	Partly compositional	Compositional	Non-compositional	None of the above	C
070	jet lag	this is similar to jet lag , where rapid travel between time zones means that you find yourself awake when everybody else is asleep	Partly compositional	None of the above	Non-compositional	Compositional	A
071	number crunching	for developing speaking and listening skills ! and then there are those who enjoy the number crunching . kieran and joe in miss moran ' s class ensure that our score boards are	Non-compositional	Compositional	Partly compositional	None of the above	C
072	fine line	particular aircraft . i also have to define the control surfaces , probably with ' fine line decals ' . the small size of my models means that some components have to	Compositional	Non-compositional	None of the above	Partly compositional	D
073	flower child	in the sixties , one would have called her a flower child , in the sense that she does n ' t pursue life with a fixed agenda or timetable of ambitions .	Compositional	Non-compositional	Partly compositional	None of the above	B
074	panda car	night at 11 . 00 p . m . some two years earlier he had followed a cyclist in his panda car from the village , hoping that the man would realise he had failed to switch	Compositional	Non-compositional	Partly compositional	None of the above	B
075	biological clock	the biological clock ticks — but slowly it is not so bad to delay having a first baby until your thirties , according to professor john mirowsky .	Non-compositional	Compositional	Partly compositional	None of the above	B
076	firing line	that are forced to be more responsible , because they are the ones in the firing line . ' if you are going to have a go at fast food , you	Non-compositional	None of the above	Compositional	Partly compositional	D
077	job fair	update your cv and visit plenty of career fairs , brush up on your interview techniques , ensure you dry - clean your best , plain suit in advance of any job fairs .	Compositional	None of the above	Partly compositional	Non-compositional	A
078	black box	smart sensors are sold as black boxes despite the fact that their safety justification might require knowledge of their internal structure and development process .	None of the above	Non-compositional	Partly compositional	Compositional	B
079	foot soldier	the role of the working class was not to be a foot soldier of the actions of a " left - wing " reforming government .	Non-compositional	None of the above	Partly compositional	Compositional	A
080	leap year	it comprises 12 months of 30 days , plus 5 days ( 6 in a leap year ) ; each month has 3 decades of 10 days .	Compositional	None of the above	Partly compositional	Non-compositional	C
081	flea market	commission on each listing and sale . some people view the site as an online flea market where supply and demand dictate prices . whatever you call it , ebay has built	Partly compositional	None of the above	Non-compositional	Compositional	C
082	front man	john paul ii was an effective front man for the catholic church .	Partly compositional	Compositional	None of the above	Non-compositional	D
083	front runner	. on 11 october 2005 the first round of presidential elections were held . the front runner george weah led the field with 28 % followed by former world bank official ellen	None of the above	Partly compositional	Non-compositional	Compositional	B
084	goose egg	and he has a black goose egg on his forehead .	Non-compositional	Compositional	Partly compositional	None of the above	A
085	black operation	on the one hand the cia acquired $ 4 billion for use in future black operations .	Non-compositional	Compositional	None of the above	Partly compositional	D
086	love song	the romance in moulin rouge breathes thanks to the love songs that his protagonists sing .	Non-compositional	None of the above	Compositional	Partly compositional	C
087	parking lot	shopping , the first thing to remember is that you should not park in the parking lot and walk to the mall buildings , because you will probably get killed . instead	None of the above	Partly compositional	Compositional	Non-compositional	C
088	blind alley	the science of economics has been led up a blind alley by theories that have made it seem increasingly remote and unreal to anyone outside the academic community .	Compositional	Non-compositional	Partly compositional	None of the above	B
089	game plan	and doing showcases , i had lots of irons in the fire . the only game plan i had was when to finish university , which was when everyone else was getting	Partly compositional	None of the above	Non-compositional	Compositional	A
090	grey matter	give your grey matter the workout that it needs to stay sharp and focused .	Non-compositional	None of the above	Compositional	Partly compositional	A
091	pecking order	. i know you can say that birds are only too keen to demonstrate the pecking order and some may conveniently be described as bullies . but by and large everyone gets	None of the above	Partly compositional	Compositional	Non-compositional	B
092	low profile	i ' ve written the guestbook myself in asp and it was the shock that someone was targeting my low profile site which i found a bit creepy .	Compositional	Partly compositional	None of the above	Non-compositional	D
093	gold mine	gardeners watching gordon taylor and guy cooper in action is like stumbling across a tv gold mine ! apart from their instant star appeal , this is a funny and charming duo	None of the above	Compositional	Partly compositional	Non-compositional	C
094	blood bath	what was meant to be the perfect crime turns into a nasty gang war resulting in a blood bath on the glorious streets of 1950s paris .	Non-compositional	Compositional	Partly compositional	None of the above	A
095	graduate student	as a dunn student , you also become a member of a wider community of graduate students on the hospital site . we ' ve recently begun to have closer contact with students	Non-compositional	Compositional	Partly compositional	None of the above	B
096	polo shirt	we went to guernsey last september we were all decked out in a specific tour polo shirt . we looked the best team there and everyone knew who we were ( this	Compositional	Partly compositional	None of the above	Non-compositional	B
097	blue blood	the cloister attracted vacationing blue bloods , drawn by its old world ambience - the coolidges , the eisenhowers and carters would come to play bingo in the lounge and dance the cha - cha in the ballroom .	Partly compositional	Compositional	None of the above	Non-compositional	D
098	grandfather clock	died . details of any special gifts you wish to make ( e . g . jewellery , grandfather clock etc . ) details of any legacies you wish to make ( e . g . ¬£ 500 to	Compositional	Non-compositional	Partly compositional	None of the above	B
099	medical procedure	accidental exposures in radiotherapy continue to occur ; radiation injuries continue to be caused in interventional medical procedures .	None of the above	Partly compositional	Compositional	Non-compositional	C
100	public service	needs to be improved . the freeing - up of radio spectrum for new applications and modernising public services both need to be sped up too , the authors say . reding added :	Non-compositional	Partly compositional	None of the above	Compositional	D
101	blue print	our free health check will give you the blue print to identify , select and measure the key metrics to enable you to better manage your service delivery .	Non-compositional	Compositional	Partly compositional	None of the above	A
102	guinea pig	but ford has devised a test to prove them wrong - - and i agreed to play guinea pig .	Compositional	Partly compositional	None of the above	Non-compositional	D
103	graveyard shift	in the meyrick suite , bic at 12 . 45 pm . hmm , that ' s the graveyard shift of conference week is n ' t it ? not at all - it ' s the fringe meeting so	Partly compositional	Compositional	Non-compositional	None of the above	C
104	box office	arguably the king of comedy for the last ten years , jim carrey is box office gold .	None of the above	Non-compositional	Compositional	Partly compositional	B
105	half sister	he learns the truth , that his mistress is also his half sister .	Partly compositional	Compositional	Non-compositional	None of the above	A
106	radio station	the times educational supplement ) and as a broadcaster for the bbc and various independent radio stations . he was the editor of books for keeps from 1989 till 1996 when it	None of the above	Compositional	Non-compositional	Partly compositional	B
107	rat race	. some people have felt the light commanding them to opt out of the rat race ' perhaps to abandon a status - driven career path in favour of work that embodies	Compositional	Partly compositional	Non-compositional	None of the above	C
108	brain drain	a flow of scientists in both directions between the us and europe would make the perceived " brain drain " of researchers to the former much less of a problem .	Partly compositional	None of the above	Non-compositional	Compositional	C
109	music journalist	other guest speakers include music journalist and radio presenter steve lamacq , music industry lawyer helen searle , whose clients include jamiroquai and moby .	Partly compositional	Compositional	Non-compositional	None of the above	B
110	gravy train	complains , and gains , most from taxes and government - from the federal government gravy train might provide the right with just the kind of crash course in addition and subtraction	None of the above	Non-compositional	Partly compositional	Compositional	B
111	half wit	brock brock , called half wit by the villagers , claims he is a herald .	None of the above	Non-compositional	Partly compositional	Compositional	B
112	rat run	indicates that the problem in brookside is that it is used as a cut - through ( rat run ) . by far the majority of motor vehicles using this narrow street are not	Compositional	Non-compositional	None of the above	Partly compositional	B
113	noise complaint	some of the noise complaints i get relate to incoming planes .	Partly compositional	Non-compositional	Compositional	None of the above	C
114	bull market	taking out the recent bull market , however , it did not even double in value in the 25 years to 1994 .	Compositional	Partly compositional	None of the above	Non-compositional	B
115	cable car	every day offers a new and exciting trip as cable cars and funicular railways transport you throughout the region with absolute swiss precision .	Partly compositional	Non-compositional	None of the above	Compositional	B
116	high life	he was accused by the daily mirror of living the high life at the charity ' s expense .	Partly compositional	Non-compositional	None of the above	Compositional	A
117	pain killer	there may be symptoms such as bleeding or persistent pain not relieved by simple pain killers .	Non-compositional	Compositional	Partly compositional	None of the above	C
118	peace conference	this report stimulated widespread discussion among the governmental representatives attending the peace conference .	None of the above	Partly compositional	Non-compositional	Compositional	D
119	research project	to the european commission ' s 6 th framework programme . he also managed fp 6 research projects on ethics and contributed to eu policy development on ethics . after leaving the commission	Compositional	None of the above	Partly compositional	Non-compositional	A
120	ground floor	eight , even the divers did n ' t get to see these floors . on the ground floor we were shown into one of the escape chambers , inside there was a red	None of the above	Non-compositional	Partly compositional	Compositional	D
121	inner product	you can use the product global function to do matrix - matrix inner product multiplication .	Compositional	Non-compositional	Partly compositional	None of the above	C
122	guilt trip	self - discipline . food can also be about weight , and weight gain - an instant guilt trip for many women . some women live in areas , and on incomes , where	None of the above	Non-compositional	Partly compositional	Compositional	B
123	rock bottom	has been an acceptable outturn for this season for most of us since we hit rock bottom at xmas . some fans were talking about the club being relegated and being better	Non-compositional	None of the above	Partly compositional	Compositional	A
124	insane asylum	her half - sister was an inmate of an insane asylum .	Non-compositional	Partly compositional	Compositional	None of the above	C
125	pipe dream	the party ' s vision of an independent , socialist scotland is fast becoming a pipe dream .	Compositional	Partly compositional	Non-compositional	None of the above	C
126	civil marriage	the ban on same - sex civil marriage defines lesbian and gay couples as second - class citizens .	Partly compositional	None of the above	Compositional	Non-compositional	C
127	rocket science	jacket might be called ' the secret of my success ' . this is n ' t rocket science : he talks about basic business skills like negotiation , time management and creativity .	Compositional	Non-compositional	None of the above	Partly compositional	B
128	cocoa butter	hear all about the fascinating stages of chocolate making , sample different cocoa beans and cocoa butter .	Non-compositional	Compositional	Partly compositional	None of the above	B
129	role model	- studying and observing individuals whose personal success in their field qualifies them as exceptional role models . no wonder they call it the study of excellence - the art of change	Non-compositional	Partly compositional	Compositional	None of the above	B
130	head teacher	pupils to safeguard their reputation or position in school league tables . the association said head teachers had reduced their " tolerance threshold " for bad behaviour because competition for pupils and	None of the above	Partly compositional	Non-compositional	Compositional	B
131	rush hour	subway stations also were hit in up to seven apparently coordinated blasts in the morning rush hour . trackback uri rss feed for comments on this post 1 comment ¬ª trackback by	Non-compositional	Compositional	Partly compositional	None of the above	C
132	health insurance	health insurance policy packages may soon offer vouchers for gym membership , protein supplements	Partly compositional	Non-compositional	Compositional	None of the above	C
133	computer expert	a computer user may call over the telephone to a computer expert for advice when things go wrong .	Non-compositional	Partly compositional	None of the above	Compositional	D
134	radioactive material	we are exhausting fossil fuels and using dangerous radioactive materials to produce energy and run cars .	Partly compositional	Compositional	None of the above	Non-compositional	B
135	sacred cow	seller , two ice cream vendors , a fruit stall , a beggar and a sacred cow have all arrived on the scene . about two dozen adults are waiting to go	Partly compositional	Compositional	None of the above	Non-compositional	D
136	human being	not only , got to be connected into things but also to be a decent human being ¬ö all that power can be corrupting . jc : the greatest strength of the	Non-compositional	Partly compositional	Compositional	None of the above	C
137	contact lens	yes there are various options available to you to correct your astigmatism with contact lenses .	Compositional	Partly compositional	None of the above	Non-compositional	B
138	search engine	wins battle for the . no domain name one of the world ' s most popular search engines won the rights thursday to the norwegian domain " google . no . " it	Partly compositional	Compositional	None of the above	Non-compositional	A
139	iron collar	the remains of an iron ring to which a chain and iron collar would have been attached .	Non-compositional	None of the above	Partly compositional	Compositional	D
140	copy cat	we ' re sure the competition is working hard on releasing copy cat products .	Compositional	None of the above	Non-compositional	Partly compositional	D
141	shrinking violet	vehicle to the family fleet of conventional cars . it definitely is not for the shrinking violet , you attract attention driving the solo , its very bright and in your face	Non-compositional	Compositional	None of the above	Partly compositional	A
142	interest rate	7 times your salary works very well if coupled with rising property prices and low interest rates but think carefully about what may happen to your personal financial commitments should that trend	None of the above	Partly compositional	Compositional	Non-compositional	C
143	labour union	that same year the first campesino labour union was formed .	Compositional	Partly compositional	Non-compositional	None of the above	A
144	silver bullet	improve data resource quality . many of these approaches are simply the current wave of silver bullets that will not substantially resolve data disparity or improve data resource quality . the only	None of the above	Partly compositional	Non-compositional	Compositional	C
145	crime rate	the crime rate in australia is low , however travellers should be aware that tourists could be targeted by petty criminals .	Partly compositional	None of the above	Non-compositional	Compositional	D
146	damp squib	the important thing is to manage it well , ensure the season does n ' t fizzle out into a damp squib as it did after our cup run two years ago .	Non-compositional	Compositional	None of the above	Partly compositional	A
147	silver screen	the fourways built in the 1930 ' s a huge emporium to the delights of the silver screen ! after a few minutes moston lane bends to the right and ahead of us	None of the above	Non-compositional	Partly compositional	Compositional	C
148	dark horse	she was the favourite , with the erratic but occasionally brilliant cuban runner aurelia pento , the dark horse .	Non-compositional	Compositional	None of the above	Partly compositional	A
149	ivory tower	. " to get two letters passing it further down the line underlines the rather ivory tower approach by senior officers . " yesterday , a police spokesman said : " bedfordshire	Non-compositional	None of the above	Partly compositional	Compositional	A
150	silver spoon	a wee dig at little rich gurls ¬ö¬ö ¬ì josephine snorts her coke from a silver spoon and wonders where here life is going to ? ¬î ¬ö¬ö . . these lyrics say	Non-compositional	Compositional	None of the above	Partly compositional	D
151	life vest	in this way , the vest resembles a typical ' life vest ' used by boaters .	Partly compositional	Non-compositional	None of the above	Compositional	A
152	kangaroo court	shall not yield in our quest for justice and we shall refuse to acknowledge the kangaroo courts which will facilitate this farce of amnesty . rest assured we shall fight ever avenue	Non-compositional	Compositional	Partly compositional	None of the above	A
153	sitting duck	tim to act as " decoy , " or as tim puts it " a sitting duck . " the police guard is removed from tim to lure the crooks who arrive	Non-compositional	None of the above	Compositional	Partly compositional	A
154	lime tree	they posted the letter , which begins ' dear the tree ' , on the lime tree ' s trunk .	Non-compositional	Compositional	Partly compositional	None of the above	B
155	disability insurance	if you have any other unemployment or disability insurance to cover your mortgage payment , we will reduce your monthly benefit .	Compositional	Partly compositional	None of the above	Non-compositional	A
156	double cross	the epsiode " gambit " is a fantastic episode full of plotting , sub plotting , betrayal , double cross , a game of chess , and the bbc costume departement going wild !	Partly compositional	Compositional	Non-compositional	None of the above	C
157	smoking gun	cause is often a breakdown in communication or record keeping and the hunt for the smoking gun ( the post - it - note on the job docket ) is the only way proof can be	Partly compositional	Compositional	None of the above	Non-compositional	D
158	loose woman	if you are a female musician in zimbabwe you are seen as a kind of loose woman .	Compositional	None of the above	Partly compositional	Non-compositional	C
159	smoking jacket	the men in dinner jackets , except sir claud who is wearing a maroon velvet smoking jacket and the ladies in long , flowing , silk dresses of the 1930 ' s period	Compositional	Non-compositional	Partly compositional	None of the above	B
160	mail service	a more recent development is the web - based mail service , such as hotmail , yahoo mail , and others .	Compositional	None of the above	Partly compositional	Non-compositional	A
161	radioactive waste	the london dumping convention halted all ocean dumping of radioactive waste .	Non-compositional	Compositional	Partly compositional	None of the above	B
162	snail mail	solution however that is no excuse for not answering the telephone , not replying to snail mail , not replying to online support request submissions and not replying to emails to the	None of the above	Non-compositional	Partly compositional	Compositional	B
163	market place	my client is one of the most recognised brands in the financial services market place .	Non-compositional	Compositional	None of the above	Partly compositional	B
164	double whammy	cpre points out that the countryside is facing a double whammy with traffic levels rising faster on rural than urban roads , while the reduction in road accidents is slower { 3 } .	Compositional	Partly compositional	Non-compositional	None of the above	C
165	rainy season	thailand ' s monsoons arrive around july and last into november ( the ' rainy season ' ) .	Compositional	None of the above	Partly compositional	Non-compositional	A
166	rice paper	rice paper is a thinner paper which is also used in the manufacture of chinese and japanese lanterns .	Partly compositional	Compositional	None of the above	Non-compositional	A
167	middle school	by interacting with american inventors and entrepreneurs , middle school students learn firsthand about history , technology , and science .	Partly compositional	None of the above	Non-compositional	Compositional	D
168	snake oil	, fire eaters , prize fighters , acrobats , tumblers , strongmen , puppeteers , snake oil sellers and assorted other circus acts and quacks . crime , vice and violence flourished	Non-compositional	Compositional	None of the above	Partly compositional	A
169	shelf life	it ' s done merely to maintain the visual appearance and extend the shelf life .	Non-compositional	Compositional	Partly compositional	None of the above	A
170	speed limit	to have decided in advance that crashes can be cured by simply sticking to the speed limit . we are very concerned that the " accident investigation " angle could be a	Partly compositional	Non-compositional	Compositional	None of the above	C
171	skin tone	the benefits of exercise are well known and include conditioning of the heart , lungs and muscles as well as improved skin tone .	Partly compositional	Non-compositional	Compositional	None of the above	C
172	mother tongue	all translators ranslate into mother tongue and live in - country .	Compositional	Non-compositional	Partly compositional	None of the above	B
173	spelling bee	primarily with family and relatives or at church . activities such as penny readings , spelling bees and magic lantern shows were common forms of entertainment . occasionally travelling theatre groups would	Partly compositional	Non-compositional	None of the above	Compositional	B
174	net income	the record company posted a net income of $ 178 million on sales .	Compositional	None of the above	Partly compositional	Non-compositional	A
175	spinning jenny	scotch cotton mill . again in 1792 william kelly of new lanark introduced the mechanically - moved spinning jenny . in 1793 james louis robertson introduced the power loom . in 1795 archibald buchanan	Compositional	None of the above	Non-compositional	Partly compositional	C
176	smoke screen	myths have become popularly known as smoke screens and are largely being peddled by the anti - gmo activists .	Partly compositional	Compositional	Non-compositional	None of the above	C
177	social insurance	there is strong support ( especially among the well off ) for a social insurance system based on the principle of solidarity and accountability .	None of the above	Non-compositional	Compositional	Partly compositional	D
178	swan song	debt of gratitude to paddy . his impending move to wales may make this his swan song , but many of us hope not . the following major event was the register	Non-compositional	Partly compositional	None of the above	Compositional	A
179	speed trap	anstey had passed through the speed trap at 188 mph ( 300 . 6 km / h ) .	Compositional	None of the above	Partly compositional	Non-compositional	C
180	swimming pool	an english style pub ) and more formal dining . there is a library , swimming pool , squash courts , a gym and various other athletic facilities . business / casual	Non-compositional	None of the above	Compositional	Partly compositional	C
181	stag night	although it is traditionally the best man ' s responsibility to organise the stag night it is ultimately the groom ' s decision as to where he wants to spend it and whom he wants to invite .	Non-compositional	Partly compositional	Compositional	None of the above	B
182	noble gas	other elements in the periodic table react with other elements to gain the ' more stable ' noble gas configuration .	Non-compositional	Compositional	None of the above	Partly compositional	D
183	think tank	, design and environmental initiatives . the group is intended to act as a think tank ' and offer expertise to the development community and statutory regeneration agencies . general comments	None of the above	Partly compositional	Compositional	Non-compositional	D
184	video game	containing webguides , bibliography and essays paperrad artist collective paper rad gobbles up tv , video games , and advertising imagery spewing it all back out into their exuberantly neo - primitivist cartoons ,	Non-compositional	Partly compositional	None of the above	Compositional	D
185	sugar daddy	it is only polite that she doesn ' t start treating me like some sort of sugar daddy .	Partly compositional	Compositional	Non-compositional	None of the above	C
186	nut case	just between you and me he ' s a bit of a nut case .	Partly compositional	Compositional	Non-compositional	None of the above	C
187	web site	can simply update the firmware and modem drivers by downloading patches from the modem manufacturers web site . it may be best to contact the manufacturers of your modem in the first	Non-compositional	Partly compositional	Compositional	None of the above	B
188	tear gas	the soldiers either experienced something they really objected to , or were ordered to disperse people , and suddenly tear gas started to fly .	None of the above	Non-compositional	Partly compositional	Compositional	D
189	old flame	she is an old flame of steve ' s , so he invites her to lunch .	Partly compositional	Non-compositional	Compositional	None of the above	B
190	time difference	our daughter had flown from london to los angeles the previous day and , despite the time difference , i called our son ' s la home to make sure they were safe .	Compositional	Partly compositional	None of the above	Non-compositional	A
191	old hat	i think perhaps that zap - it - up games are becoming a little bit old hat .	Partly compositional	Non-compositional	Compositional	None of the above	B
192	zebra crossing	having to dismount . see also pelican crossing ; puffin crossing ; toucan crossing ; zebra crossing . pelican crossing the name given to pedestrian crossings which use traffic lights to control	None of the above	Compositional	Non-compositional	Partly compositional	C
193	traffic control	it will soon be central in air traffic control , guiding planes to land and take - off .	Compositional	Partly compositional	None of the above	Non-compositional	A
194	old timer	a handicap system means that any new player can successfully challenge the old timers .	None of the above	Compositional	Partly compositional	Non-compositional	D
195	traffic jam	but then picture him trying to drive through the traffic jam on sunday morning in downtown austin .	Non-compositional	None of the above	Partly compositional	Compositional	C
196	pillow slip	i ' d rather use little incidents like when the clash stole a pillow slip from a hotel .	Non-compositional	None of the above	Partly compositional	Compositional	D
197	wedding anniversary	i also provide disco for engagement evenings , wedding evenings , wedding anniversaries , stag / hen parties .	Compositional	Partly compositional	Non-compositional	None of the above	A
198	pocket book	she had written down the date in her pocket book of the day when she dispatched it .	Partly compositional	Non-compositional	None of the above	Compositional	D
199	wedding day	the engagement period is a busy and exciting time where the betrothed couple plan their wedding day and prepare for married life .	Partly compositional	Non-compositional	Compositional	None of the above	C
200	white noise	if you try to transmit , in digital mode , into an analog repeater , all the analog radios on the repeater will simply hear white noise .	None of the above	Partly compositional	Non-compositional	Compositional	B
201	prison guard	the partially - deaf defendant stood in the dock wearing a blue shirt and was flanked by a single prison guard .	None of the above	Partly compositional	Compositional	Non-compositional	C
202	private eye	carmella is missing , but will private eye connor take the case ?	Non-compositional	Partly compositional	None of the above	Compositional	B
203	winter solstice	festivals were held in honour of events that were important to people ' s daily lives ; eg , the change of seasons , harvest , and the summer and winter solstices .	Partly compositional	Compositional	Non-compositional	None of the above	B
204	world conference	eddie participated in several world conferences and was elected with the highest number of votes .	Compositional	Partly compositional	None of the above	Non-compositional	A
205	ancient history	the days of triple - digit growth now seem like ancient history .	None of the above	Non-compositional	Compositional	Partly compositional	D
206	research lab	the fourth year is spent doing a research project in a ' real ' research lab .	Partly compositional	Non-compositional	Compositional	None of the above	C
207	sex bomb	ferrara and holmes double - team canadian sex bomb bella marie wolf .	Compositional	Non-compositional	None of the above	Partly compositional	D
208	silver lining	but is the practice totally bad news for the local pharma companies or is there a silver lining ?	Partly compositional	Non-compositional	Compositional	None of the above	B
209	small fry	britain is nothing , just small fry with an elevated sense of self - importance .	None of the above	Compositional	Non-compositional	Partly compositional	D
210	sound judgement	we ' re reassured that he ' s exercising sound judgement in this situation .	Non-compositional	None of the above	Compositional	Partly compositional	C
211	armchair critic	he will be quoted as an example of ' all that is wrong with the game ' by every armchair critic in wales .	Partly compositional	Non-compositional	Compositional	None of the above	A
212	street girl	in ghana , 6 , 000 babies are living on the streets of accra with their street girl mothers .	Non-compositional	Compositional	None of the above	Partly compositional	D
213	subway system	the road above leaks into the catacombs of a subway system .	Non-compositional	None of the above	Partly compositional	Compositional	D
214	top dog	you ' ll mix with other gangs and prove who the top dog is .	Compositional	Non-compositional	None of the above	Partly compositional	B
215	wet blanket	no wonder tom couldn ' t work with him ; he is a wet blanket .	Non-compositional	Compositional	None of the above	Partly compositional	A
216	baby buggy	can i take my baby buggy on to the london eye ?	None of the above	Non-compositional	Compositional	Partly compositional	C
217	word painting	words and music are closely matched , and the composer introduces word painting .	Compositional	Partly compositional	Non-compositional	None of the above	B
218	bad hat	one month later still another bad hat came along to further harass him	None of the above	Compositional	Non-compositional	Partly compositional	C
219	acid test	on the fate of the acle straight within weeks . this is seen as an acid test of the government ' s commitment to protecting our most valuable environments ( 3 ) .	Partly compositional	Non-compositional	Compositional	None of the above	B
220	benign tumour	prince came onboard to have a large benign tumour removed from his head .	None of the above	Partly compositional	Non-compositional	Compositional	B
221	big fish	the criminals are after big fishes than journalists , and usually concentrate on the richer countries .	Compositional	Partly compositional	Non-compositional	None of the above	C
222	agony aunt	feel as if this baby is more important than they are . " counsellor and agony aunt suzie hayman , author of the relate guide to second families ( vermilion ) ,	Non-compositional	Compositional	None of the above	Partly compositional	A
223	birth rate	the birth rate necessary for a nation to reproduce itself is 2 . 2 children per couple .	Non-compositional	None of the above	Compositional	Partly compositional	C
224	application form	in a christian preaching ministry in any denomination for at least two years . the application form for the mth course is available on the spurgeon ' s or as a download (	Non-compositional	Compositional	None of the above	Partly compositional	B
225	black cherry	plum and black cherry scented , this can be enjoyed now or cellared .	Partly compositional	Non-compositional	None of the above	Compositional	D
226	balance sheet	in the enron corp . ' s partnerships which were not even entered on enron ' s balance sheet because derivatives are still unregulated and do n ' t have to be reported . and once	Partly compositional	Non-compositional	None of the above	Compositional	D
227	bank account	you can pay with bank transfer directly into our bank accounts . we hold them in the cattle bank in nebraska , usa , and with branches of the hsbc	Partly compositional	Compositional	None of the above	Non-compositional	B
228	bow tie	blood had also dripped onto the judge ' s striped bow tie .	Non-compositional	Compositional	None of the above	Partly compositional	D
229	blame game	, and then returning home to play to their national audiences , with " the blame game " against eu institutions . " if there is not enough democratic development , not	Partly compositional	None of the above	Non-compositional	Compositional	A
230	brass ring	courtney to tori amos . which does n ' t mean the bends wo n ' t grab that brass ring . but it ' ll be a difficult stretch . 8 / 10 nude as the	Compositional	None of the above	Partly compositional	Non-compositional	D
231	brain teaser	you may occasionally enjoy a good spirited debate or a ' brain teaser ' .	None of the above	Non-compositional	Partly compositional	Compositional	B
232	brick wall	of the merits of the case . the 3 month limit though is not a brick wall , if circumstances demand an extention of time , then it is in the discretion	Partly compositional	None of the above	Non-compositional	Compositional	A
233	call centre	results private from the employee operator - particularly useful in an environment such as a call centre where higher levels of insider theft traditionally occur . uru ? allows the employee to	Partly compositional	None of the above	Non-compositional	Compositional	D
234	busy bee	i love being a busy bee but i would like a bit of ' jill ' time .	Partly compositional	None of the above	Compositional	Non-compositional	D
235	carpet bombing	in a continent that had recently experienced carpet bombing and the death - camps the resonance of titus was obvious .	Partly compositional	Non-compositional	None of the above	Compositional	A
236	cellular phone	pc tries to improve on cellular phone privacy and security by incorporating cryptographic techniques .	Non-compositional	None of the above	Partly compositional	Compositional	C
237	close call	it ' s going to be a close call as both teams will be expecting to beat the other .	None of the above	Partly compositional	Non-compositional	Compositional	C
238	closed book	the mentality of the average foreigner is a closed book to us .	Non-compositional	None of the above	Compositional	Partly compositional	A
239	con artist	a self - confessed thief , forger , and con artist , he used a roster of assumed names and false identities .	None of the above	Partly compositional	Compositional	Non-compositional	B
240	cooking stove	the shepherd could be assured of a hot meal from the cast - iron cooking stove inside .	None of the above	Partly compositional	Non-compositional	Compositional	D
241	cotton candy	afraid your tot is being dumbed - down by too much cotton candy and miniature golf ?	None of the above	Compositional	Partly compositional	Non-compositional	C
