Label	Examples
Magn	heavy rain,bad accident,huge advantage,heady alcohol,thunderous applause
AntiMagn	slight accent,general account,young age,reluctant applause,poor argument
Ver	successful attempt,steady improvement,clear message,rightful owner,fair question
AntiVer	groundless accusation,unprovoked aggression,baseless allegation,misguided approach,vain attempt
Bon 	fresh bread,brilliant career,fine compliment,mint condition,valuable contribution
AntiBon 	undue advantage,naked aggression,evil atmosphere,vicious attack,improper bargain
Son	alarm clock rings,arrow zings,banknotes rustle,battle rumbles,bird chirps
Oper1	perform abortion,meet accident,have ache,commit adultery,give advice
