018	defect	serious	serious defect	Magn	0	the new study involved seven patients , ages 4 to 19 , with spina bifida , a serious defect of the spinal cord . 
061	distance	small	small distance	AntiMagn	1	and technical matters slowed things up too -- electric batteries were liable to explode , electric cars ran out of power after relatively small distance , and recharging was painfully slow . 
092	lie	good	good lie	Ver	2	from a good lie in the right rough just short of a bunker on the 465-yard 18th , he flipped an 8-iron into 6 feet to close out another strong round . 
122	accusation	baseless	baseless accusation	AntiVer	3	through robert bennett , his lawyer , the president continued friday to call mrs. jones ' baseless accusation . 
154	condition	pristine	pristine condition	Bon	4	m. forman sent the entire cookbook that came with the mixer , copyright 1950 , in pristine condition . 
185	building	in disrepair	buildings in disrepair	AntiBon	5	a few signs remain of that not - so - ancient history , with some buildings in disrepair and a skeletal pier jutting into the hudson . 
216	cow	moo	cow moo	Son	6	san francisco -- rovingfeast -- now that we know cow moo with british burr , we can ponder the way accents add richness and diversity to a number of experiences -- even eating . 
247	flavor	have	have flavor	Oper1	7	can you imagine winston churchill quizzing a tobacconist about whether his cigars have flavor of espresso with notes of hazelnut and dried orange peel on the palate and soft vegetal elements on the finish ? 
