Context	Idiom
Were priests allowed , as Russell had said , to bop the bishop ?	bop the bishop
I fished out my keys from the bottom of my bag .	fished out
" The ox is in the ditch , " said she , referring to the New Testament excuse for Sabbath work where the need is great , " and Billy must mend this gate if it is Sunday . "	ox is in the ditch
Because of the video replay , the ref had him dead to rights on the penalty .	dead to rights
I know her new husband is a good man and wants to do right by our family .	do right by
