018	defect	serious	serious defect	Magn	0	the new study involved seven patients , ages 4 to 19 , with spina bifida , a serious defect of the spinal cord .	Significant flaw#####Major imperfection#####Grave shortcoming#####Severe inadequacy#####Critical fault#####Substantial deficiency#####Profound weakness#####Alarming imperfection#####Dire drawback#####Crucial failing
061	distance	small	small distance	AntiMagn	1	and technical matters slowed things up too -- electric batteries were liable to explode , electric cars ran out of power after relatively small distance , and recharging was painfully slow .	Close proximity#####Short range#####Nearby location#####Brief space#####Little gap#####Minimal separation#####Tiny interval#####Narrow margin#####Slight span#####Compact area
092	lie	good	good lie	Ver	2	from a good lie in the right rough just short of a bunker on the 465-yard 18th , he flipped an 8-iron into 6 feet to close out another strong round .	A convincing falsehood#####An effective deception#####A well-crafted untruth#####A believable fabrication#####A plausible misrepresentation#####A persuasive fib#####A credible misleading statement#####An acceptable false claim#####A reasonable inaccuracy#####A satisfactory counterfeit truth
122	accusation	baseless	baseless accusation	AntiVer	3	through robert bennett , his lawyer , the president continued friday to call mrs. jones ' baseless accusation .	Unfounded allegation lacking evidence or proof#####Groundless claim made without substantiation#####Unsubstantiated charge devoid of supporting facts#####Accusation lacking any factual basis or merit#####Unsupported assertion made without justification#####Claim made with no evidence to back it up#####Allegation lacking a foundation in reality or truth#####Accusation made without any credible supporting information#####Charge leveled without any verifiable grounds or reason#####Claim put forth without any proof or substantiation
154	condition	pristine	pristine condition	Bon	4	m. forman sent the entire cookbook that came with the mixer , copyright 1950 , in pristine condition .	Perfect state#####Flawless quality#####Immaculate condition#####Spotless appearance#####Unblemished and pure#####Like new#####Unspoiled perfection#####Impeccable shape#####Untouched and clean#####In mint condition
185	building	in disrepair	buildings in disrepair	AntiBon	5	a few signs remain of that not - so - ancient history , with some buildings in disrepair and a skeletal pier jutting into the hudson .	Dilapidated structures#####Edifices in deterioration#####Constructions in decay#####Buildings falling apart#####Structures needing maintenance#####Premises in poor condition#####Buildings requiring restoration#####Edifices in a state of ruin#####Structures in a shabby state#####Buildings in need of repair
216	cow	moo	cow moo	Son	6	san francisco -- rovingfeast -- now that we know cow moo with british burr , we can ponder the way accents add richness and diversity to a number of experiences -- even eating .	The distinctive sound that cattle make#####Bovine vocalization#####A cow's call#####The lowing of a cow#####The characteristic utterance of a bovine#####A cow's audible expression#####The signature sound of a cow#####A cow's distinctive bellow#####The typical noise made by cattle#####A cow's trademark vocalization
247	flavor	have	have flavor	Oper1	7	can you imagine winston churchill quizzing a tobacconist about whether his cigars have flavor of espresso with notes of hazelnut and dried orange peel on the palate and soft vegetal elements on the finish ?	Possess a distinct taste#####Exhibit a particular savor#####Be characterized by a specific flavor#####Feature a recognizable taste sensation#####Showcase a unique gustatory quality#####Demonstrate a definitive palate experience#####Impart a distinguishable flavor profile#####Manifest a signature taste attribute#####Embody a specific sapid essence#####Display a distinctive flavor composition
