Label	Examples	Semantic Gloss
IncepOper1	get upper hand,adopt point of view,get cold feet,gain access,reach agreement,slip anarchy,make assumption,lauch attack,enter competition,suffer damage	Begin to do, perform, experience, carry out something; Signify the start of an action or event, linking the event's subject with its name using a light verb.
Oper1	perform abortion,meet accident,have ache,commit adultery,give advice,carry out airstrike,make analysis,draw conclusion,hold influence,enjoy recovery	Perform, do, act something; Represent a light verb linking the event's first participant (subject) with the event's name (direct object).
AntiReal2	repel aggression,dismiss appeal,reject application,repulse attack,defy authority,call bluff,disregard complaint,fail exam,swallow insult,defy law	Not acting as expected; Something not be realized as expected; The value is negation of an internal element of the argument of this function.
CausFunc0	lead agreement,pose condition,brew coffee,create crisis,cause damage,set date,cause difficuties,hold elections,provide evidence,start fire	The agent does something so that the event denoted by the noun occurs; Do something so that base word begins occurring.
IncepPredPlus	blood pressure rises,concern grows,crisis deepens,influence increases,outrage grows,prices soar,gather strength,wind picks up,violence spirales,toll climbs	Start to increase., Denote the initiation of a process or action that leads to an increase or enhancement of something.
AntiVer	groundless accusation,unprovoked aggression,baseless allegation,misguided approach,vain attempt,mistaken belief,unhealthy competition,harsh conditions,inadequate coverage,criticize unjustly	Non-genuine; Characterize something as non-genuine, not authentic, not in its intended or proper state, and not meeting the required standards or expectations.
Bon	fresh bread,brilliant career,fine compliment,mint condition,valuable contribution,fair criticism,sweet deal,healthy diet,heavenly dream,green energy	A positive evaluation or perception of something.
Ver	successful attempt,steady improvement,clear message,rightful owner,fair question,safe return,stable situation,speak fluently,plain truth,accurate source	Real, genuine; As it should be; Meet intended requirements.
