Label	Semantic Gloss
IncepOper1	Begin to do, perform, experience, carry out something; Signify the start of an action or event, linking the event's subject with its name using a light verb.
Oper1	Perform, do, act something; Represent a light verb linking the event's first participant (subject) with the event's name (direct object).
AntiReal2	Not acting as expected; Something not be realized as expected; The value is negation of an internal element of the argument of this function.
CausFunc0	The agent does something so that the event denoted by the noun occurs; Do something so that base word begins occurring.
IncepPredPlus	Start to increase., Denote the initiation of a process or action that leads to an increase or enhancement of something.
AntiVer	Non-genuine; Characterize something as non-genuine, not authentic, not in its intended or proper state, and not meeting the required standards or expectations.
Bon	A positive evaluation or perception of something.
Ver	Real, genuine; As it should be; Meet intended requirements.
