Label	Semantic Gloss
Oper2	Perform, do, act something, the relation realizes the second argument of the base word as subject.
LiquFunc0	Cause termination of the existence, the collocate word means "the base word of LiquFunc0 ceases to be experienced"
Oper1	Perform, do, act something; Represent a light verb linking the event's first participant (subject) with the event's name (direct object).
AntiMagn	Slight and weak degree, a de-intensifier; Weaken meaning intensity, diminishing the semantic relationship between the base lexeme and its associated concept.
AntiReal2	Not acting as expected; Something not be realized as expected; The value is negation of an internal element of the argument of this function.
AntiBon	A negative assessment or perception of something.
Real1	Fulfill a requirement imposed by the noun or performing an action typical for the noun; To fulfill the requirement of base word, to act according to base word.
Ver	Real, genuine; As it should be; Meet intended requirements.
