Label	Examples	Semantic Gloss
Oper2	undergo analysis,draw applause,get abortion,have attention,get boost,take brunt,receive complaint,win confirmation,meet criticism,write exam	Perform, do, act something, the relation realizes the second argument of the base word as subject.
LiquFunc0	stop aggression,remove ambiguity,shake balance,break barrier,ruin career,explode claim,shred confidence,resolve conflict,erase file,clean up mess	Cause termination of the existence, the collocate word means "the base word of LiquFunc0 ceases to be experienced"
Oper1	perform abortion,meet accident,have ache,commit adultery,give advice,carry out airstrike,make analysis,draw conclusion,hold influence,enjoy recovery	Perform, do, act something; Represent a light verb linking the event's first participant (subject) with the event's name (direct object).
AntiMagn	slight accent,general account,young age,reluctant applause,poor argument,little attention,narrow gap,faint hope,cursory illustration,homely meal	Slight and weak degree, a de-intensifier; Weaken meaning intensity, diminishing the semantic relationship between the base lexeme and its associated concept.
AntiReal2	repel aggression,dismiss appeal,reject application,repulse attack,defy authority,call bluff,disregard complaint,fail exam,swallow insult,defy law	Not acting as expected; Something not be realized as expected; The value is negation of an internal element of the argument of this function.
AntiBon	undue advantage,naked aggression,evil atmosphere,vicious attack,improper bargain,unethical behavior,rancid butter,lemon car,shabby clothes,gaudy color	A negative assessment or perception of something.
Real1	deliver address,ride anchor,keep appointment,hold arrest,flash award,carry bedpan,gain benefit,ride bicycle,fill in blank,push button	Fulfill a requirement imposed by the noun or performing an action typical for the noun; To fulfill the requirement of base word, to act according to base word.
Ver	successful attempt,steady improvement,clear message,rightful owner,fair question,safe return,stable situation,speak fluently,plain truth,accurate source	Real, genuine; As it should be; Meet intended requirements.
