Label	Examples	Semantic Gloss
Oper1	perform abortion,meet accident,have ache	Perform, do, act something; Represent a light verb linking the event's first participant (subject) with the event's name (direct object).
AntiMagn	slight accent,general account,young age	Slight and weak degree, a de-intensifier; Weaken meaning intensity, diminishing the semantic relationship between the base lexeme and its associated concept.
Real1	deliver address,ride anchor,keep appointment	Fulfill a requirement imposed by the noun or performing an action typical for the noun; To fulfill the requirement of base word, to act according to base word.
Ver	successful attempt,steady improvement,clear message	Real, genuine; As it should be; Meet intended requirements.
