Label	Examples	Semantic Gloss
Oper1	perform abortion,meet accident,have ache,commit adultery,give advice,carry out airstrike,make analysis,draw conclusion,hold influence,enjoy recovery	Perform, do, act something; Represent a light verb linking the event's first participant (subject) with the event's name (direct object).
AntiMagn	slight accent,general account,young age,reluctant applause,poor argument,little attention,narrow gap,faint hope,cursory illustration,homely meal	Slight and weak degree, a de-intensifier; Weaken meaning intensity, diminishing the semantic relationship between the base lexeme and its associated concept.
Real1	deliver address,ride anchor,keep appointment,hold arrest,flash award,carry bedpan,gain benefit,ride bicycle,fill in blank,push button	Fulfill a requirement imposed by the noun or performing an action typical for the noun; To fulfill the requirement of base word, to act according to base word.
Ver	successful attempt,steady improvement,clear message,rightful owner,fair question,safe return,stable situation,speak fluently,plain truth,accurate source	Real, genuine; As it should be; Meet intended requirements.
