id	context	idiom	A	B	C	D	target
277	They expect to influence the coming regulation to their own advantage. They don't want to be big fish in a small pond. They want to be the ONLY fish in a big pond.	big fish	large fish	important person	Proper Noun	Meta Usage	D
273	Please see our Privacy Notice for details of your data protection rights. Mr Khodorkovsky, now living in exile in London, said: "Putin feels he has to show he is the main animal in the herd or people will believe that he is no longer the top dog. For an ageing autocrat, who rules through bandit groups and bandit methods, the law will never defend him.	top dog	best dog	leader	Proper Noun	Meta Usage	B
269	Keeping up to date with international studies is always a challenge, especially when studying Antiquity. Brazilian specificity lies in our experience with social and cultural situations that can be very valuable when it comes to understanding Antiquity (and criticizing the present one), such as social inequality, social exclusion, patrimonialism and patriarchalism, a peripheral situation, and others," explains Pedro Paulo Funari, a professor of ancient history and classical archeology at Unicamp. Studying ancient history in Brazil today has two important aspects: knowing the history of the country itself and seeing how the uses of the ancient past are linked to different forms of discourse and everyday practices, and also through specialization in universities, learning to look for more dynamic interpretations that indicate the social, gender or ethnic diversity on which these societies were built.	ancient history	history	in the past	Proper Noun	Meta Usage	A
266	We strongly encourage you to perform your own research when selecting a care provider. Busy Bee Family Day Care in Marshfield, Wisconsin is a Child Care provider that can accommodate up to 8 children from six weeks to thirteen years of age. Their curriculum seeks to provide a high quality, nurturing, fun and safe learning environment that is appropriate for the child's overall growth and development.	busy bee	unavailable bee	busy person	Proper Noun	Meta Usage	C
260	He took up a skin wallet which lay by his side and produced the materials for a feast. Six great green eggs, stolen from a sitting duck which had belonged to the ill-fated Pierce, were the staple food. Boiled hard and eaten with some black bread and scrapes of cold meat, they were a banquet to the fugitives.	sitting duck	seated duck	easy target	Proper Noun	Meta Usage	A
