Label	Examples	Semantic Gloss
IncepOper1	get upper hand,adopt point of view,get cold feet,gain access,reach agreement,slip anarchy,make assumption,lauch attack,enter competition,suffer damage	Begin to do, perform, experience, carry out something; Signify the start of an action or event, linking the event's subject with its name using a light verb.
IncepPredPlus	blood pressure rises,concern grows,crisis deepens,influence increases,outrage grows,prices soar,gather strength,wind picks up,violence spirales,toll climbs	Start to increase., Denote the initiation of a process or action that leads to an increase or enhancement of something.
AntiVer	groundless accusation,unprovoked aggression,baseless allegation,misguided approach,vain attempt,mistaken belief,unhealthy competition,harsh conditions,inadequate coverage,criticize unjustly	Non-genuine; Characterize something as non-genuine, not authentic, not in its intended or proper state, and not meeting the required standards or expectations.
Ver	successful attempt,steady improvement,clear message,rightful owner,fair question,safe return,stable situation,speak fluently,plain truth,accurate source	Real, genuine; As it should be; Meet intended requirements.
