Label	Semantic Gloss
IncepOper1	Begin to do, perform, experience, carry out something; Signify the start of an action or event, linking the event's subject with its name using a light verb.
IncepPredPlus	Start to increase., Denote the initiation of a process or action that leads to an increase or enhancement of something.
AntiVer	Non-genuine; Characterize something as non-genuine, not authentic, not in its intended or proper state, and not meeting the required standards or expectations.
Ver	Real, genuine; As it should be; Meet intended requirements.
