000	How are strangers supposed to know why YOU want to do that sort of job?	do job	LVC.full
010	There is a risk that observers underestimate the time that Al Qaeda has had to make progress in such recruitment and research and development.	make progress	LVC.full
015	Do we expect to have ONE EPC contract, or several?	have contract	LVC.full
036	This VERIFIES that you are truly providing a service.	providing service	LVC.full
071	This is like trying to Make 2 people get married.	get married	LVC.full
004	Harry tore back across the room as the landing light clicked on.	clicked on	VPC.full
006	great, we look forward to seeing you.	look forward	VPC.full
009	By moving quickly to Iraqi sovereignty and improvement of Iraqi lives, the US may be able to get Iraqis on its side, so that they turn in the foreigners.	turn in	VPC.full
017	changing its surroundings too often will stress it out and it will get depressed, mean, sick, or will not want to be around you.	stress out	VPC.full
025	right now, your male is fighting off an intruder, and he feels that all of the house is his.	fighting off	VPC.full
016	He was about to tell her who he was, but then he realized that it made no difference.	made difference	LVC.cause
044	How to avoid problems caused by mixing queries under different ANSI SQL query modes in the same database	problems caused	LVC.cause
054	"They can freely write anything they like about our prophet, but if one raises doubts about the Holocaust he is either fined or sent to prison," he added.	raises doubts	LVC.cause
070	Musharraf held elections in October of 2002, in which center-right parties did well, but in which nearly 20 percent of parliament seats went to the fundamentalist religious party coalition, MMA.	held elections	LVC.cause
116	Phil if you could please make copies and distribute ASAP.	make copies	LVC.cause
003	Later it was discovered to have been giving flips at half-a-crown a time to a section of the population who were queueing up, all through the ceremony, at the nearby soccer field;	queueing up	VPC.semi
132	The ReportML language is made up of a set of tags that describe a form, report or data access page's properties, events, and attributes.	made up	VPC.semi
057	Now that the Dursleys knew they weren't going to wake up as fruitbats, he had lost his only weapon.	wake up	VPC.semi
081	You think there was someone else would have given you the alphabet! and electricity and killed off the malaria mosquito, just for love?	killed off	VPC.semi
093	I don't know about this... but the pale Cockney who was teaching him to take over his job said, That's okay, chum, it's our ole friend Mr. Kabata.	take over	VPC.semi
007	There was an air of plotting about that station, but nothing came of it, of course.	came of it	VID
013	But word of advice if you're get your girlfriend a laptop make sure its a good brand a not something like DELL, Acer, Asus, eMachines etc.	make sure	VID
018	They believed that genuine democracy was now on its way.	was on way	VID
034	In the meantime make sure she had plenty of water available to her.	make sure	VID
052	That's all I know; I've had nothing to do with it.	had to do with	VID
