000	How are strangers supposed to know why YOU want to do that sort of job?	do job	LVC.full
001	Why not look it up!	look up	VPC.full
002	Evelyn Odara spoke to her husband as no local woman would dare; yet he ignored it, as if turning the tables on her with his countrymen's assumption that what women said was not heard, anyway.	turning the tables	VID
003	Later it was discovered to have been giving flips at half-a-crown a time to a section of the population who were queueing up, all through the ceremony, at the nearby soccer field;	queueing up	VPC.semi
004	Harry tore back across the room as the landing light clicked on.	clicked on	VPC.full
005	look up fumarase deficiency for more info.	look up	VPC.full
006	great, we look forward to seeing you.	look forward	VPC.full
007	There was an air of plotting about that station, but nothing came of it, of course.	came of it	VID
008	I was smoking my pipe quietly by my dismantled steamer, and saw them all cutting capers in the light, with their arms lifted high, when the stout man with mustaches came tearing down to the river, a tin pail in his hand, assured me that everybody was 'behaving splendidly, splendidly, dipped about a quart of water and tore back again.	cutting capers	VID
009	By moving quickly to Iraqi sovereignty and improvement of Iraqi lives, the US may be able to get Iraqis on its side, so that they turn in the foreigners.	turn in	VPC.full
010	There is a risk that observers underestimate the time that Al Qaeda has had to make progress in such recruitment and research and development.	make progress	LVC.full
011	This terrorist organization can now only pull off far less sophisticated bombings and attacks.	pull off	VPC.full
012	This simple change has triggered a veritable ecological cascade in Yellowstone.	triggered cascade	LVC.cause
013	But word of advice if you're get your girlfriend a laptop make sure its a good brand a not something like DELL, Acer, Asus, eMachines etc.	make sure	VID
014	Good luck w/it & will pray for you to have the willpower to be smoke-free :)	have willpower	LVC.full
015	Do we expect to have ONE EPC contract, or several?	have contract	LVC.full
016	He was about to tell her who he was, but then he realized that it made no difference.	made difference	LVC.cause
017	changing its surroundings too often will stress it out and it will get depressed, mean, sick, or will not want to be around you.	stress out	VPC.full
018	They believed that genuine democracy was now on its way.	was on way	VID
019	Or was Mr Eichelberger simply an executive with a client to please and a job to do a pure professional?	job do	LVC.full
020	If you don't want to retain your filter selections, make sure the AutoFilter button is not selected before you start selecting items to filter.	make sure	VID
021	They can do tricks and they arent messy.	do tricks	LVC.full
022	In the near future collective choices will need to be made.	choices made	LVC.full
023	I want a bird that I can hold and do tricks.	do tricks	LVC.full
024	Was looking after the upkeep of the road, he declared.	looking after	VPC.full
025	right now, your male is fighting off an intruder, and he feels that all of the house is his.	fighting off	VPC.full
026	Thank you so much.	Thank you	VID
027	These works were written under the name of William Wilson, and he produced them at the rate of about one a year, which brought in enough money for him to live modestly in a small New York apartment.	brought in	VPC.full
028	Then someone says that it can't be long now before the Russians write Arafat off.	write off	VPC.full
029	Let me know if you have any questions or need anything else.	have questions	LVC.full
030	We have never had a problem with the cabins.	had problem	LVC.full
031	But supporters are pointing a few good things out:	pointing out	VPC.full
032	Someone in the CPA sat down and thought up ways to stir them up by closing their newspaper and issuing 28 arrest warrants and taking in people like Yaqubi.	stir up	VPC.full
033	As a child in the 50's I had a lot of glandular problems and they treated it with radiation therapy (primitive at best!) and stopped when a lesion on my neck started enlarging--they said it was not CA but stopped the treatments....	had problems	LVC.full
034	In the meantime make sure she had plenty of water available to her.	make sure	VID
035	Watch out the poles are coming.....my little butterfly	Watch out	VPC.full
036	This VERIFIES that you are truly providing a service.	providing service	LVC.full
037	I'll get back to you as soon as I have more info (hopefully later today)	get back	VPC.full
038	1. I tested it out by making a figure boat	tested out	VPC.full
039	Olympus X-940 14 Megapixel Digital Camera has filters and can do all sorts of special effects.	do special effects	LVC.full
040	Dekalb County Police Chief Louis Graham...the man who reopened the investigations last year, is mysteriously stepping down.	stepping down	VPC.full
041	Jared just told me you have a BUNCH of stuff on your plate and I think you are about to get much busier too.	have a BUNCH of stuff on your plate	VID
042	The people who carry out these underground arms/drugs/sex trafficking deals are trauma based mind controlled slaves.	carry out	VPC.full
043	THANK YOU!!!!!!!!!!!!! :D	THANK YOU	VID
044	How to avoid problems caused by mixing queries under different ANSI SQL query modes in the same database	problems caused	LVC.cause
045	I give the floor to Mrs Green.	give the floor	VID
046	Most of the girls I was meeting had grown up in Mujahedeen schools in Ashraf, where they lived separated from their parents.	grown up	VPC.full
047	If this is the case I would like someone to walk me through June to see if the numbers did really work themselves out as there was a large swing in second order on June 29 that was not adjusted for.	work out	VPC.full
048	Not for the first time, an argument had broken out over breakfast at number four, Privet Drive.	broken out	VPC.full
049	It was the evening when Bray, Neil, Evelyn Odara, one of the South African refugees, the Pettigrews, and a few others set off for the Sputnik Bar.	set off	VPC.full
050	http://i.imgur.com/S2MD2.jpg http://i.imgur.com/T2zff.jpg http://i.imgur.com/Xytex.jpg I took some photos of my model girlfriend with my Nikon D7000 (see links above).	took photos	LVC.full
051	There was a change made in the coding for the delta position and this has somehow messed up the liq value.	change made	LVC.full
052	That's all I know; I've had nothing to do with it.	had to do with	VID
053	But so was it unlikely that a small group of Arab mujahidin would virtually take over Afghanistan.	take over	VPC.full
054	"They can freely write anything they like about our prophet, but if one raises doubts about the Holocaust he is either fined or sent to prison," he added.	raises doubts	LVC.cause
055	Also, some serious targets must now finally be set for the car industry.	targets set	LVC.full
056	And then, exactly a year ago, Hogwarts had written to Harry, and the whole story had come out.	come out	VPC.full
057	Now that the Dursleys knew they weren't going to wake up as fruitbats, he had lost his only weapon.	wake up	VPC.semi
058	It is trying to play ice hockey by sending a ballerina ice-skater into the ring or to knock out a heavyweight boxer by a chess player.	knock out	VPC.full
059	Yeah, Mum's always wishing we had a house-elf to do the ironing, said George.	do ironing	LVC.full
060	Besides, Tatu does not have the look of a man whose life is easy and I don't see why I should spoil his Jerusalem dinner for him in his diary it would probably be entered as "An enchanted evening in Le Proche Orient with an Armenian archbishop."	have look	VID
061	Take care	Take care	LVC.full
062	But it did not give me the time of day.	give me the time of day	VID
063	I'll try and send one of Peter Cox' as well but may have some problems due to file size.	have problems	LVC.full
064	The kind of laugh they've picked up from people like Uncle Willie said Neil.	picked up	VPC.full
065	I also want to express my disagreement on the support given to the American law on Hong-Kong.	support given	VPC.full
066	Put on a pair of spurs and before she makes that trot step, it's in the feeling when you feel her think trot, tick her with the spur and lift with your body to keep her moving.	makes trot step	LVC.full
067	The lighting was not the best, but the pics turned out ok in my opinion.	turned out	VPC.full
068	We've moved on.	moved on	VPC.full
069	Winter and darkness here but in Cambridge, perhaps, there's already spring yelling its head off?	yelling its head off	VID
070	Musharraf held elections in October of 2002, in which center-right parties did well, but in which nearly 20 percent of parliament seats went to the fundamentalist religious party coalition, MMA.	held elections	LVC.cause
071	This is like trying to Make 2 people get married.	get married	LVC.full
072	At the Ask the President event on Friday, one of the questions was about whether Bush has any thoughts about his memoirs.	has thoughts	LVC.full
073	So he's got a -- I'm a decision-maker and I can make good decisions.	make decisions	LVC.full
074	Microsoft announced on Wednesday a new workplace chat tool poised to take on industry darling Slack.	take on	VPC.full
075	I KNOW YOU HAVE A LOT GOING ON WITH YOU AND THE LITTLE WOMAN.	GOING ON	VPC.full
076	This is a significant strategic change and it applies strong pressure on the terrorist countries.	applies pressure	LVC.full
077	However, Johnson would not let the military cross the borders and clean out the Communist bases.	clean out	VPC.full
078	I wonder how much use could be made of a radio classroom in country schools, whether it couldn't help considerably to ease the shortage of teachers, here, and maintain some sort of standard where teachers are perhaps not very well qualified.	use made	LVC.full
079	This happened very quickly, and I wanted to make sure that I let everyone know before I left.	make sure	VID
080	If the Dursleys wake up, I'm dead, said Harry as he tied the rope tightly around a bar and Fred revved up the car.	revved up	VPC.full
081	You think there was someone else would have given you the alphabet! and electricity and killed off the malaria mosquito, just for love?	killed off	VPC.semi
082	Thank you.	Thank you	VID
083	She then blows herself up, killing 20 people, including many children, with heads and arms rolling around in the restaurant.	blows up	VPC.full
084	Have a look at this, it may help.	Have look	LVC.full
085	On Wednesday guerrillas had kidnapped a cosmetic surgeon and his wife while they were on their way home.	were on way	VID
086	Once the Manmohan Singh government shows that it has little appetite for suicide, Musharraf will face the moment of truth: accept the inevitable, or once again ramp up the insurgency and spawn a fresh lot of killers that can hit not merely Mumbai and New Delhi but London and Chicago as well.	ramp up	VPC.full
087	He had made it to the third or fourth paragraph when the man turned slowly toward him, gave him a vicious stare, and jerked the paper out of view.	made it	VID
088	Unfortunately for those eager to indefinitely carry on with the lucrative business of conflict resolution in South Asia, Pervez Musharraf has now called Colin Powell's bluff, challenging him to deliver on his frequent statements implying that the Indians jump to his commands.	carry on	VPC.full
089	My role with Firefox and the Mozilla project will remain largely unchanged, I will continue doing much the same work as I have described above - with the new goal of successful 1.1, 1.5 and 2.0 releases.	doing work	LVC.full
090	It has also opened VW up to huge compensation claims, legal action and has seen it take more than €16bn of provisions.	take provisions	LVC.full
091	So I checked it out with the U.S. Post Office (1-800-238-5355) and they confirmed that it is indeed legal!!	checked out	VPC.full
092	They hit the branches, they thresh the leaves with their sticks, and the fruit rains down.	rains down	VID
093	I don't know about this... but the pale Cockney who was teaching him to take over his job said, That's okay, chum, it's our ole friend Mr. Kabata.	take over	VPC.semi
094	It's not quite as freewheeling an environment as you'd imagine: Sergey Brin has actually created a mathematical 'proof' that the company's self-driven research strategy, which gives employees one day a week to do research projects on their own, is a good, respectable idea .	do research	LVC.full
095	As you see below, she is pulling those together.	pulling together	VPC.full
096	The images turned out amazing.	turned out	VPC.full
097	Someone said, Watch out for the man from the CIA.	Watch out	VPC.full
098	I look forward to hearing from you.	look forward	VPC.full
099	He didn't take a dislike to the kids for "no" reason!	take dislike	LVC.full
100	In that case, the matter turns out to be a national problem after all.	turns out	VPC.full
101	The key is...I have a few problems:	have problems	LVC.full
102	For some black satire on Fallujah, see Unconfirmed Sources which has some fun with my Weblog.	has fun	LVC.full
103	Bush was only able to give a partial response to the query on the leader of Taiwan, referring to Taiwanese President Lee Teng-hui simply as "Lee."	give response	LVC.full
104	That is, a user with an appropriate license can make changes to data in a spreadsheet, change formatting, drag fields in a chart or PivotTable List, and so on, as long as you didn't protect these options at design time.	make changes	LVC.full
105	Does this mean that for June and for a certain portion of July we should not do anything and just make adjustments on a going forward basis (and assume everything will work out at month end)?	make adjustments	LVC.full
106	Harry had taken up his place at wizard school, where he and his scar were famous, but now the school year was over, and he was back with the Dursleys for the summer, back to being treated like a dog that had rolled in something smelly.	taken up	VPC.full
107	A bird cried out on the roof, and he woke up.	woke up	VPC.semi
108	In his mind, he caught a glimpse of the blue map on the wall and the sunlight pouring through the window, so like the sunlight that surrounded him now.	caught glimpse	LVC.full
109	So I may as well just come out with it: It is pretty suspicious, given the Neocon predominance in the CPA and in the upper reaches of the Defense Department that on April 2 AP reported of Muqtada:	come out	VPC.full
110	With Colin Powell around, the U.S. has no need of an Osama bin Laden	has need	LVC.full
111	If anyone has any questions on the above please let me know.	has questions	LVC.full
112	The taxpayer who has to pay for it, the smaller undertakings and species-friendly stock rearing all fall by the wayside.	fall by the wayside	VID
113	Therefore he whacked the old nigger mercilessly, while a big crowd of his people watched him, thunderstruck, till some man, – I was told the chief's son, – in desperation at hearing the old chap yell, made a tentative jab with a spear at the white man – and of course it went quite easy between the shoulder-blades.	made jab	LVC.full
114	The vote will take place tomorrow at 12 noon.	take place	VID
115	that deal is making like it wants to close and the traders scheduled a 430 call to wrap it up	wrap up	VPC.full
116	Phil if you could please make copies and distribute ASAP.	make copies	LVC.cause
117	Thank you for the invitaion to the conference call.	Thank you	VID
118	I would highly recommend that you read through some reliable bearded guides to make sure you have everything set up correctly:	make sure	VID
119	You can apply a filter to a series or category field to show the top or bottom n items based on a total.	apply filter	LVC.full
120	It also does not prevent the Western press from giving credence, every day, even now, to similar liars.	giving credence	LVC.cause
121	The best option, now, under the present difficult circumstances is for Colombo to do its own dirty work, although New Delhi can always be counted on to render good neighborly help because of the shared belief that religion, ethnicity and language cannot be the basis for secession.	do own dirty work	VID
122	I hope she will take note of this, because it is an important point.	take note	LVC.full
123	But nothing had ever come of it, and he had felt stupid, as though there were a blind spot in the center of his brain.	come of it	VID
124	So we try it out here.	try out	VPC.semi
125	I have no doubt that the civilized world will prevail.	have doubt	LVC.full
126	If you have not already made these decisions, Essie's guidance should be helpful.	made decisions	LVC.full
127	She did not know whether he felt it too; and she could not try to find out because if it turned out that he didn't – she had a premonition, sometimes, that in middle age you could find you had lost everything in a moment: husband – lover, friend, children, it was as if they had never happened, or you had wandered off from them without knowing, and now stood stock-still with the discovery.	find out	VPC.full
128	Broke out the activities of 1179.	Broke out	VPC.full
129	Do you storm a church taken over by terrorists who took the priests hostages?	took hostages	LVC.full
130	According to Director of Central Intelligence George Tenet, al Qaeda’s ability to conduct an anthrax attack is one of the most immediate threats the United States is likely to face."	conduct attack	LVC.full
131	You see the thing had gone off like a box of matches.	gone off	VPC.full
132	The ReportML language is made up of a set of tags that describe a form, report or data access page's properties, events, and attributes.	made up	VPC.semi
133	Did you have a chance to take a look at the resume I sent you?	have chance	LVC.full
134	So there is no question of closing down, there is a question of the practical discretion of the committee.	closing down	VPC.semi
135	a rare form of retardation is showing up in that group more than anywhere else in the world.	showing up	VPC.full
136	Did you get a chance to find those GTC's for ENA that you can forward this way?	get chance	LVC.full
137	At times I suspect that the world would be glad to see the last of its Christianity, and that it is the persistency of the Jews that prevents it.	see the last	VID
138	And this has already drawn protests from the Tamil National Alliance (TNA) which was backed by the LTTE in the April general elections held in Sri Lanka.	drawn protests	LVC.cause
139	Corporate plans are clubbed with other services through some agencies to provide better service for their staff.	provide service	LVC.full
140	Since work has gone to hell, I am hoping to find some excitement in the possibility that LSU may play in the Cotton Bowl (if Rohan "Alabama" Davey shows up for the next 3 games.)	shows up	VPC.full
141	paying special attention to the eyes.	paying attention	LVC.full
142	(Only recently have a few experienced State Department Arabists been allowed in to try to begin mopping up the mess.)	mopping up the mess	VID
143	What matters is that the terrorists believe that they caused the result and that they won by driving Spain out of Iraq.	caused result	LVC.cause
144	Your mama is so fat: When she hauls ass she has to make two trips.	make trips	LVC.full
145	I see we expect to have separate contracts for each project.	have contracts	LVC.full
146	It turns out one of the surest barometers of the warming climate is the response of the non-human natural world to changing conditions, and biologists who study the responses have been aware for some years the biosphere is acknowledging global warming.	turns out	VPC.full
147	There are rumours about preparations by slum dwellers for another looting spree against banks, governmental and public property similar to the one that took place last April, and I have already overheard youngsters in my neighbourhood joking about it and saying things like "This time we will be the first to loot, we didn't get anything the last time".	took place	VID
148	If you got the chance today, I should be really grateful if one of you could give me a call to discuss this issue; I think we should set out DPC's position clearly on this in correspondence without too much delay.	got chance	LVC.full
149	Well, never mind.	never mind	VID
150	You could make it to Matoko in, say, six or seven.	make it	VID
151	Based on how CRRA reacts, I would make an ultimate determination if the agreement needs to be attached to the LOI.	make determination	LVC.full
152	While most U.S. secretaries of state -- save perhaps Dean Rusk -- have gobbled up credit for outcomes that they had little to do with, few have been as brazen as Colin Powell.	had to do with	VID
153	They made conversation about the radio and television coverage of the celebrations, and from this broke into talk that interested them both:	made conversation	LVC.full
154	The fiscal advantages for clean vehicles could then be introduced some two years before the new standards take effect.	take effect	LVC.full
155	The apostrophe has a special purpose in an XML document and can be misinterpreted if used directly in the text.	has purpose	LVC.cause
156	All the carriers were speaking together, and in the midst of the uproar the lamentable voice of the chief agent was heard 'giving it up' tearfully for the twentieth time that day...	giving up	VPC.full
157	Pay attention, altough there are automatic storage, you can only pay with coins (they're now installing some where you'll be able to pay with credit card, but it's sporadic now.	Pay attention	LVC.full
158	Twinkle Twinkle lazy star Kitna soyega uthja yaar, up above the world so high, sun has risen in the sky, uthke jaldi pee le chai, then call me up and say "HI"	call up	VPC.semi
159	I passed along to Liz Austin your request regarding pleadings A&K has filed setting forth the Trustee's position in connection with the enforcement/nonenforcement of the power contracts and what remedies the Trustee is seeking.	setting forth	VPC.full
160	Then, Ron, you come bounding downstairs going, Mum, look who turned up in the night! and she'll be all pleased to see Harry and no one need ever know we flew the car.	turned up	VPC.full
161	Roly Dando had promised to drop by, and of course Bray was with him.	drop by	VPC.full
162	KEEP UP THE GOOD WORK.	KEEP UP	VPC.full
163	At the corner of 72nd Street and Madison Avenue, he waved down a cab.	waved down	VPC.full
164	They were set up by the European Union for a specific purpose.	set up	VPC.full
165	Please feel free to give me a call if you have any questions concerning the attached guaranties.	give a call	LVC.full
166	We didn't know what we were going to land up doing, either.	land up	VPC.full
167	I'm inclined to say that google is doing what they can to both shape and support the growth of the most popular non-Microsoft browser out there - by taking on the leading lights in Firefox development, they're ensuring the continued life of the project, and ensuring (not that I think they need to) that their voice will be heard admidst the higher echelons of the firefox development team.	taking on	VPC.full
168	Broke out the activities of 1307.	Broke out	VPC.full
169	Whether it might have turned out differently, or whether it was all predetermined with the first word that came from the stranger's mouth, is not the question.	turned out	VPC.full
170	I looked at motocross and the more I looked, this one woman’s face kept coming up, in photographs that looked as if they were from the 1970s.	coming up	VPC.full
171	the next day i let her out of the bedroom so they could check each other out, and the kitten hissed twice within the first 20 minutes of meeting each other and now she no longer hisses and they have been playing(chasing each other up and down the hall, rolling around on the ground and pawing at each other).	check out	VPC.full
172	Any insult to the collective good brings us all down.	brings down	VPC.full
173	It seemed to go on for hours.	go on	VPC.full
174	After the major kill-offs, wolves outside of Alaska and Canada existed mostly as legend.	kill offs	VPC.semi
175	Nevertheless, as time wore on he found himself doing a good imitation of a man preparing to go out.	doing imitation	LVC.full
176	We look forward to hearing your comments.	look forward	VPC.full
177	That just goes to show the possibilities in our country!	goes to show	VID
178	Texas Gov. George W. Bush is enduring sharp criticism for being unable to name the leaders of four current world hot spots, but President Bill Clinton says Bush "should, and probably will, pick up" those names.	pick up	VPC.full
179	It was only months and months afterwards, when I made the attempt to recover what was left of the body, that I heard the original quarrel arose from a misunderstanding about some hens.	made attempt	LVC.full
180	A team from the court managed to take his deposition before he died.	take deposition	LVC.full
181	As we have discussed....effective Sep 13th, Anita will make the adjustments to Enron's inventory and pad gas to reflect the February 26th results.	make adjustments	LVC.full
182	When the healthy treat the sick with scorn and intolerance it brings us all down.	brings down	VPC.full
183	Neil Bayley was the one to find this out, because of some domestic mishap or misunderstanding that made his arrival at the visitors' stand very late.	find out	VPC.full
184	If he or she did not, then they should have all the same rights as other Iraqis.	have rights	LVC.full
185	The world was outside of him, around him, before him, and the speed with which it kept changing made it impossible for him to dwell on any one thing for very long.	changing made	LVC.full
186	If you apply for a skilled migrant workers visa and it is accepted do you have to find work in the same sector as your skills on your application or can you take up other work if you can't find something in your own field.	take up	VPC.full
187	It probably gives more bang for the buck than acquiring a private company and having to handle the inevitable culture clashes and process mis-matches.	gives more bang for the buck	VID
188	Barb does an AMAZING JOB, she is always learning new things on how to use her hands and body, to give every person an AWESOME MASSAGE, CALL TODAY AND SCHEDULE YOU MUST SEE HER, YOU WILL FALL IN LOVE SHE IS THE BEST OF THE BEST !	does JOB	LVC.full
189	At first, it looked as though Uncle Vernon would manage to gloss the whole thing over (Just our nephew – very disturbed meeting strangers upsets him, so we kept him upstairs)	gloss over	VPC.full
190	Thank you for your help.	Thank you	VID
191	Do we expect to have ONE EPC contract, or several?	have contract	LVC.full
192	The Spanish story will surely end up being extremely costly to other European countries, including France, who is now expelling inciting preachers and forbidding veils and including others who sent troops to Iraq.	end up	VPC.full
193	Personally, I don't find a travel agent to be of value to me as I am willing to put in the time doing research on the internet.	doing research	LVC.full
194	It pleased him to watch it leave his mouth in gusts, disperse, and take on new definition as the light caught it.	take on	VPC.full
195	For some reason, Quinn had not expected this, and it threw him off track.	threw off track	VID
196	I have just checked with RAC (David Gorte) and we have a green light to go ahead with the project.	have green light	VID
197	You can not cut yourself off and not read newspapers or stop hearing the news over the radio for weeks on end, as you could six or seven years ago. "	cut off	VPC.full
198	A reminder that the HR Associate Points Meeting will take place as below:	take place	VID
199	She gave a small, self-questioning shrug, admitting the glibness of another kind of daily talk in another time.	gave shrug	LVC.full
200	hi everyone....just hav my hands on my new OLYMPUS X940 digital camera..wel,i always wanted 2 hav one by sony..but anyways,ended up having olympus X940 from my dad.......does any1 already has it?	ended up	VPC.full
201	By 1998, Zawahiri had determined that the Egyptian Islamic Jihad should focus on its struggle against the United States and hold off on further attacks against the Egyptian regime.	hold off	VPC.full
202	What's going on dude?	going on	VPC.full
203	There should be a Pixel Mapping function in the menu that will get rid of them, most sensors have a few dead and flipped pixels, some only show up on long exposures.	show up	VPC.full
204	Cheers went up from the people already present who had not been at the ball; they had decided to dress for once, too, and the two groups of women mingled and exclaimed over each other, everyone began to talk about what the ball was like, champagne came in, a Congolese band whipped up their pace, and the absurd and slightly thrilling mood of the State Ball and the cosy gaiety of the party swept together.	whipped up	VPC.full
205	I look forward to seeing you all there.	look forward	VPC.full
206	We look forward to your active participation to make this forum an exciting meeting place for like minded individuals.	look forward	VPC.full
207	"The book -- I guess one way, one thing to think about it is -- one of the themes would be, I was given a charge to keep.	given charge	LVC.full
208	Here is a thought: When the appartently cognitively functional take actions that seem senseless and incompetent, it is a most certain sign that they have ulterior or hidden motives.	take actions	LVC.full
209	Worse yet, what is going on will not let us alone.	let alone	VID
210	Now Iran wants to turn the tables and is inviting cartoonists to do their best by depicting the Holocaust.	turn the tables	VID
211	Mweta had the mummified look of one who has become a vessel of ritual.	had the look of	VID
212	Can you pass this along to Elizabeth to ensure Sanders is on board as well?	pass along	VPC.semi
213	I highly recommend that you do not use coiled/compact UVB bulbs as they are known to cause severe eye damage and/or blindness in reptiles not to mention they have trouble maintaining UVB output over time.	not to mention	VID
214	In Fallujah, hundreds of demonstrators came out against US troops when they briefly arrested a yound newlywed bride.	came out	VPC.full
215	She was, however, reading a book, a paperback with a lurid cover, and Quinn leaned over ever so slightly to his right to catch a glimpse of the title.	catch glimpse	LVC.full
216	cut of all contact and tighten up your PC security.	cut of	VPC.full
217	Please let me know what is possible, and feel free to give me a call if you have any questions (978-376-9004).	give a call	LVC.full
218	only once it looked like my male cat was biting at her neck and then her stomach and she was meowing fairly loud and hissed once then he backed off and now they are fine.	backed off	VPC.full
219	"I have a duty toward you," he tells me.	have duty	LVC.full
220	We soon get around to contemporary matters.	get around	VPC.full
221	By 1998, Zawahiri had determined that the Egyptian Islamic Jihad should focus on its struggle against the United States and hold off on further attacks against the Egyptian regime.	hold off	VPC.full
222	Actually, I think we are in pretty good shape so I will probably be doing lunch but just don't be too mad if I have to cancel.	doing lunch	LVC.full
223	We have had enthusiastic responses from companies such as AT&T, Duke Energy, Pitney Bowes and DaimlerChrysler, and I would be pleased to answer any questions you may have about this focal point for our educational efforts.?	questions have	LVC.full
224	In this case, following the talent leads me to think that Google will be making an announcement this year that formalizes the Google-Mozilla/Firefox relationship.	making announcement	LVC.full
225	If you want to make changes to the design of the resulting page, you can open the page in Design view and make any changes you want.	make changes	LVC.full
226	If you have any questions or comments, please advise.	have questions	LVC.full
227	The Herodian relics are all that relics should be columns distorted, well worked over by time, Absalom's tomb with its bulbous roof and odd funnel tapering out of it.	worked over	VPC.semi
228	They sometimes dont get along (you know how some girls are lol hahahaahh but for real though, two girls tend to fight a lot.	get along	VPC.full
229	At the baggage carousel I see my youthful Hasid again and we take a final look at each other.	take look	LVC.full
230	I would like to informally get together with you on Wednesday, July 18 at 11:45 am - 1:00 pm (max) to talk about your recruiting experience with Enron Canada.	get together	VPC.full
231	Thank you for your time and attention.	Thank you	VID
232	We step into the street and my friend David Shahar, whose chest is large, takes a deep breath and advises me to do the same.	takes breath	LVC.full
233	Quinn ate with crude intensity, polishing off the meal in what seemed a matter of seconds.	polishing off	VPC.full
234	in order to bring immediate results it will also be necessary to have constant monitoring of the implementation of the directive.	bring results	LVC.cause
235	But I can see that the Archbishop gives him bad marks for lighting up after the main course.	lighting up	VPC.full
236	Will you be providing an execution version with questions removed/blanks filled in?	filled in	VPC.full
237	Mr Weasley took Harry's glasses, gave them a tap of his wand and returned them, good as new.	gave tap	LVC.full
238	Although the announcement was probably made to show progress in identifying and breaking up terror cells, I don't find the news that the Baathists continue to penetrate the Iraqi government very hopeful.	announcement made	LVC.full
239	Armed clashes broke out in several northern Iraqi cities on Wednesday, leaving some 22 persons dead in Mosul, Baiji, and Tuz.	broke out	VPC.full
240	And yet he goes on to say, Quinn added, that Cid Hamete Benengali's is the only true version of Don Quixote's story.	goes on	VPC.full
241	An editorial in the church-owned Deseret Morning News in Salt Lake City earlier this year acknowledged that "the state's history, a conservative belief in free choice, and an unwillingness to stir up a hornet's nest in the national media have likely all contributed to the kid-glove approach lawmakers and law-enforcement officers have taken when dealing with polygamous communities."	stir up	VPC.full
242	Thanks for following up on this.	following up	VPC.full
243	They already have rights to take it, alter it, and release those changes to the world - this is what the whole open source thing is about.	have rights	LVC.full
244	I do feel guilty about you doing all this work.	doing work	LVC.full
245	They were voted down and the reasons will no doubt be put once again by Mrs Bonino.	voted down	VPC.semi
246	An autofilter is always applied before a conditional filter, regardless of the order in which you applied them.	autofilter applied	LVC.full
247	The multiple planetary afflictions are taking their toll.	taking toll	LVC.full
248	The numbers indicate that in his first four years, Bush not only showed up, he showed up a lot.	showed up	VPC.full
249	It seems clear to me that the manhunt for high Baath officials in the Sunni heartland is being done wrong, or at least in ways that are bad for US standing with local Iraqis.	manhunt done	LVC.full
250	Actually, I think we are in pretty good shape so I will probably be doing lunch but just don't be too mad if I have to cancel.	doing lunch	LVC.full
251	He talked to the elderly English princess who sat beside him with her knees peaked neatly together in the Royal position curiously expressive of the suffering of ceremonies, and Bray saw him point out the contingent of Gala women, their faces and breasts whitened for joy, who were lined up among the troops of musicians and dancers from various regions.	point out	VPC.full
252	How could I work with her to get off her four hand,get balance, and lope smoothly and slowly??	get off	VPC.full
253	Let me know if you have any questions.	have questions	LVC.full
