000	Under the mango trees, barbers' mirrors set up a flash in the shade, and live chickens lay in heaps with their legs tied.	set up	VPC.full
001	The civilians in the Department of Defense only know how to blow things up.	blow up	VPC.full
002	They set off together down the street.	set off	VPC.full
003	He gave no indication on the value of the highest bid.	gave indication	LVC.full
004	For example, some snakes will routinely go off their food in both the summer and winter, feeding mainly in spring and fall.	go off	VPC.full
005	We wouldn't want those terrorists to run out of shit to shoot at us.	run out	VPC.full
006	As he opened the door that would lead him into the lobby, he gave himself one last word of advice.	gave one last word of advice	LVC.full
007	After you have had the chance to review the attached, please send me a marked-up draft and we can discuss our concerns from there.	had chance	LVC.full
008	"He left a message for everyone to see ... maybe to God himself."	left message	LVC.cause
009	Now, I would argue that one could have reasonably predicted that some form of military violence was likely to occur in Lebanon (considering that the country has been experiencing some form of conflict for approximately the last 32 years).	experiencing conflict	LVC.full
010	We must feed you up while we've got the chance. I don't like the sound of that school food	got chance	LVC.full
011	Should you have any questions, feel free to call me.	have questions	LVC.full
012	When you blame it all on society, there's noone to to take responsibility and all of a sudden you have generation of fucked up kids who are likley smoking, drinking, doing drugs, fucking the neighbor or some internet perv just because you are too lazy to see waht they're doing.	take responsibility	LVC.full
013	Let me know if you have any questions or need anything else.	have questions	LVC.full
014	Take a photo of a very light plain subject close to the lens using long exposure and smallest aperture you have - over expose by a couple of stops	Take photo	LVC.full
015	There is something wrong or maybe the individual made a mistake but to me that is not integrity.	made mistake	LVC.full
016	E E Cummings, locked up by the French government, finds his aesthetic paradise in the detention camp of Ferte Mace.	locked up	VPC.full
017	Harry told them all about Dobby, the warning he'd given Harry and the fiasco of the violet pudding.	warning given	LVC.full
018	Gazing out across the valley and then calmly at him, she had her look of wanting to find out exactly what they were talking about.	find out	VPC.full
019	Through you I urge the Commission and the Council to reach decisions and take urgent action following the meeting on 14 October.	reach decisions	LVC.full
020	The second-class trading area had been laid out long ago and haphazardly; shops cropped up suddenly, streets met, the car plunged and rolled.	cropped up	LVC.full
021	If there are 40 salespeople, after the filter is applied, you will see data for 10 people.	filter applied	LVC.full
022	The Rajavis, Afshari went on to say, ''saw these kids as the next generation's soldiers.	went on	VPC.full
023	Supposing he was still alive in another four weeks, what would happen if he didn't turn up at Hogwarts?	turn up	VPC.full
024	He was warned that they were building up a huge Army and would eventually launch an attack, but he ignored his military advisers.	building up	VPC.semi
025	I'm sure this kind of thing goes on all the time.	goes on	VPC.full
026	But Cid Hamete, the acknowledged author, never makes an appearance.	makes appearance	LVC.full
027	We are very concerned with providing services that are relevant to that environment.	providing services	LVC.full
028	Vivien Bayley, queenly at twenty-six, with her beautiful, well-mannered, disciplined face, came to hover beside Bray between responsible permutations about the room to make sure that this young girl was not being bothered too much by the attentions of someone older and rather drunk, or that young man was not being overlooked by the girls who ought to be taking notice of him.	make sure	VID
029	He did once make an unforgivable error when he mentioned that Fallujan militants were shooting at the Marines from the roofs of mosques and houses in Hay Al-Golan, but of course that is okay for Al-Jazeera.	make error	LVC.full
030	This operation would only consolidate the terrorist acts in the world and would not bring peace to the region," the message claimed.	bring peace	LVC.cause
031	The Coalition decision to provoke a fight with Muqtada al-Sadr's movement only three months before the Coalition Provisional Authority goes out of business has to be seen as a form of gross incompetence in governance.	goes out of business	VID
032	After that, he made a great effort to be calm.	made effort	LVC.full
033	If you have any questions please do not hesitate to give me a call.	have questions	LVC.full
034	With an absent smile to Bray across the room, she took up, for a moment, an abandoned beauty.	took up	VPC.full
035	Had Harry been stupid to take Dobby seriously?	take seriously	VID
036	My suggestion is to pay close attention to what's going on in the background and if possible, stand on a chair, get on the ground, do whatever you need to do to get rid of distracting elements.	pay attention	LVC.full
037	This gives the developer considerable control over the output of the XML data.	gives control	LVC.cause
038	Once the Office Web Components are installed, users who have access to an Office 2002 license will be able to interact with and make changes to the components.	make changes	LVC.full
039	A query that uses wildcard characters in a criteria expression can produce different results under each query mode.	produce results	LVC.full
040	In April — before the Swift boat veterans had said a word — Kerry said Bush “has yet to explain to America whether or not, and tell the truth, about whether he showed up for duty.”	tell the truth	VID
041	Have my glass, she said, as there were no spare ones to go round.	go round	VPC.full
042	Let me know if acceptable and I will go ahead and execute.	go ahead	VPC.full
043	The only difference we had was for package V02.	difference had	LVC.full
044	Entitlement to free abortions equates with women having the right to manage their lives and make decisions about their own bodies.	having right	LVC.full
045	The moment they know the de-gnoming's going on they storm up to have a look.	have look	LVC.full
046	Fill in the subject, this will be the header that everyone sees as they scroll through the list of postings in a particular group, click the post message button.	Fill in	VPC.full
047	He had read Quinn's old work, he had admired it, he had been looking forward to more.	looking forward	VPC.full
048	So be sure to get your pet's memorial on the site and if you have a charity / rescue, make sure it is listed on their database so you can receive some of the profits from the site.	make sure	VID
049	Citizens take their right to petition seriously.	take seriously	VID
050	When are we going to get NetMeeting going ?	get going	VID
051	So Harry had been brought up by his dead mother's sister and her husband.	brought up	VPC.full
052	In Iraqi society, PM Allawi is responsible for protecting his clan, including especially his first cousins, so this kidnapping makes him look weak and brings substantial shame on him.	brings shame	LVC.full
053	Using a fairly wide aperture is also helpful in blurring out unwanted background elements.	blurring out	VPC.semi
054	Tuesday is all about getting out the vote, but it means nothing if a registered voter isn't on the list.	getting out	VPC.full
055	If your cat is not trained to use the litter pan, you may have a problem taking her.	have problem	LVC.full
056	To draw a game you have dominated is easy to brush off, but to do so three times is a row suggests a weakness.	brush off	VPC.full
057	Will we choose to rise about prejudice and intolerance or go down kicking and screaming with holding on to fear and anger?	go down kicking and screaming	VID
058	Take care.	Take care	LVC.full
059	Instead they are encouraging everyone to come forward if they see any potential problems (as it is clear that overlooked problems could result in unnecessary losses).	come forward	VPC.full
060	And then another call with all folks or a meeting at the jobsite to lay out the plan.	lay out	VPC.full
061	Hope you have a crapload of fun!	have fun	LVC.full
062	Richard - please let me know what we need to do next to file suit.	file suit	VID
063	And the national judges frequently have difficulty in understanding and applying the concept of indirect discrimination.	have difficulty	LVC.full
064	Just because you're stuck, doesnt give you the right to drag down all the singles around you.	give right	LVC.cause
065	But both knew that, in those days, the important thing was to give Adamson Mweta faith in himself by positing a future that was real because you, a white person with nothing personal to gain by it, showed you believed it would come about.	come about	VPC.full
066	It is accompanied by the further reflection (partly proud, mostly bitter) that we Jews seem to have a genius for finding the heart of the crisis.	have genius	LVC.full
067	also make sure you print this out NOW, so you can get the information off of it, as you will need it.	make sure	VID
068	The games will have to take place on Fri, Sat, or Sun.	take place	VID
069	I left a voicemail for Sharon Butcher, as well, just to make sure it is handled.	make sure	VID
070	There was a change made in the coding for the delta position and this has somehow messed up the liq value.	change made	LVC.full
071	i think they could get their asses kicked by cats.	get asses kicked	VID
072	The real purpose of my call, however, is related to the services we will provide to support the aspirational statements of the Protocol.	services provide	LVC.full
073	While I left a you a phone message with some information about our project, I thought I could give you some additional details by e-mail as well...	left message	LVC.cause
074	If Samarra and other cities are any guide, those pockets of resistance could go on bedeviling the US for some time to come.	go on	VPC.full
075	You see, some snakes for no obvious reason will simply go off their food.	go off	VPC.full
076	Thank you for your help in tracking these invoices.	Thank you	VID
077	But Sharon's iron fist is simply not working as a means of establishing general peace, and the Bush administration will have to finally apply effective pressure on Sharon to stop his outrages in and colonization of the West Bank and Gaza.	apply pressure	LVC.full
078	The front-runner for the 2000 Republican presidential nomination faltered Thursday in an international affairs pop quiz posed by Andy Hiller, a political reporter for WHDH-TV in Boston.	quiz posed	LVC.full
079	This could well be the day I make the biggest deal of my career, said Uncle Vernon.	make deal	LVC.full
080	Did you get in as much trouble as I did this weekend - Lori seems to think I need to get help - I told her it's normal to drink all day at a bar, then go to dinner where you don't know half the people there and proceed to get extremely fucked up	fucked up	VPC.full
081	I took my Mustang here and it looked amazing after they were done, they did a great job, I'm very satisfied with the results.	did job	LVC.full
082	He cross examined witnesses relentlessly and had them break down and tell the truth.	tell the truth	VID
083	However, the filter settings are retained, so that when you turn autofiltering back on, the data that was previously displayed or hidden is again displayed or hidden.	turn on	VPC.full
084	In Indian national chart besides the transit affliction to transit Mercury by Rahu and Venus the natal Saturn and Venus are also under the transit affliction of Rahu which has resulted into floods in many parts of the country taking toll of human lives, properties, etc.	taking toll	LVC.full
085	Heather moving in has been a different story.	moving in	VPC.full
086	If it is hard to see how Baathist Iraq posed any real threat to Israel, it is not so difficult to see a menace in the current instability.	posed threat	LVC.full
087	I looked at the UEComm Master and had some comments--such as our name is wrong, the cross default threshold for us should be US $ and not AUD, and there were a few other questions I had.	questions had	LVC.full
088	He was bearing down on Harry like a great bulldog, all his teeth bared.	bearing down	VPC.full
089	How do you feel about taking on another company?	taking on	VPC.full
090	I leave it to you as homework to figure out what Spain or France would have done, in such a situation.	figure out	VPC.full
091	you should work that out before applying.	work out	VPC.full
092	Let us hope, therefore, that the proposals of the Commission will be sufficient to make sure this job will be done effectively.	make sure	VID
093	Remember, at the beginning they burn his books of chivalry, but that has no effect.	has effect	LVC.full
094	They want to be identified as 'Christians', and I fully suspect that for some of them, the motivation behind their subterfuge is more than mere political advantage, and has a lot more to do with the black magician's practice of the inversion principle.	has to do with	VID
095	Finance and mentorship should go hand in hand.	go hand in hand	VID
096	go to LA after say 11:00 search the street corners btw keep ur wallet locked up and have $200 on hand have a gun just in case btw	locked up	VPC.full
097	The last I checked, the Satanists have a long way to go to catch up with the death and destruction dealt out by self-proclaimed (though false) Christians.	catch up	VPC.full
098	I should think the bar of the Silver Rhino's as good a place as any to learn what's really going on.	going on	VPC.full
099	Meanwhile, a decision's been reached in the trial of Toledo priest Gerald Robinson.	decision reached	LVC.full
100	This was generally a grim place, filled with dust and people with nowhere to go, but now, with the rush hour at full force, it had been taken over by men and women with briefcases, books, and newspapers.	taken over	VPC.full
101	But air traffic controllers in Baghdad have no record of the flights, which supposedly took off between July 2004 and July 2005.	took off	VPC.full
102	Feeling jumpy, Harry set off, trying to hold his glasses on straight and hoping against hope he'd be able to find a way out of there.	set off	VPC.full
103	"I hope that industry, if put to the test, can do better [than the government], but I do not expect it," Griffin added.	put to the test	VID
104	Simplicity gave it that blessed, laudatory lack of clutter, the efficient and effective text-based ads, and the support of anyone with a dial-up connection.	gave support	LVC.cause
105	They have to make a stronger commitment to rail.	make commitment	LVC.full
106	"Further, I find it even more disturbing that he made these comments about a nation that just last year tested nuclear weapons -- shortly after voicing his public opposition to the Comprehensive Test Ban Treaty.	made comments	LVC.full
107	No doubt he was; but he had been a couple of years already out there engaged in the noble cause, you know, and he probably felt the need at last of asserting his self-respect in some way.	felt need	LVC.full
108	If you concentrate on that feel just before the trot you can figure it out and the timing is essential to push her at that instant.	figure out	VPC.full
109	I took some photos of my model girlfriend with my Nikon D7000.	took photos	LVC.full
110	[Am at a conference and can't blog much right now but will try to catch up the next couple of days.]	catch up	VPC.full
111	Access ReportML will not write out any empty tags.	write out	VPC.semi
112	There must be strict rules in abattoirs to maintain the highest levels of hygiene.	maintain hygiene	LVC.full
113	The President will be expecting me to have come for you with the Mercedes, but, honestly, if I'd have waited to get it I would have turned up I don't know when.	turned up	VPC.full
114	you get a really good view of the city and there is also attractions like simulator, short movies.	get view	LVC.full
115	she will start to calm down and feel safe - you can bet she doesn't now.	calm down	VPC.full
116	People like this will never have my sympathy, nor do they deserve my sympathy.	have sympathy	LVC.full
117	This broke everybody up.	broke up	VPC.full
118	SQL Server verifies that the account name and password were validated when the user logged on to the system and grants access to the database, without requiring a separate logon name or password.	grants access	LVC.cause
119	(The President cut off the speaker)	cut off	VPC.full
120	I'm looking after Colonel Bray, no need to bother him.	looking after	VPC.full
121	Hundreds of persons mounted demonstrations against the Fallujah campaign in Tikrit and Huwaijah, as well, according to az-Zaman .	mounted demonstrations	LVC.full
122	Accurate check-out.	check out	VPC.full
123	I just wanted to follow up on whether you will have a chance to send a draft Credit Support Annex (similar in form to the one previously executed with ENA).	have chance	LVC.full
124	The fact that my name has been mixed up in this.	mixed up	VPC.full
125	Like HTML, XML makes use of tags and attributes, but while HTML specifies what each tag and attribute means (and thus how the data between them will look in a browser), XML uses the tags only to delimit pieces of data, and leaves the interpretation of the data completely to the application that reads it.	makes use	LVC.full
126	What became of the hens I don't know either.	What became of	VID
127	I'm sorry, forty-eight years you were under British rule, digging their mines, building roads for them, making towns, living in shanties and waiting on them, cleaning up after them, treated like dirt... now it's all over, you really think there was any way at all you could enter the modern world without suffering?	cleaning up	VPC.semi
128	At last, Auster gave a little shrug, which seemed to acknowledge that they had come to an impasse.	gave shrug	LVC.full
129	He picked one up and saw that the pages had the narrow lines he preferred.	picked up	VPC.full
130	It mostly has to do with the authorship of the book. Who wrote it, and how it was written.	has to do with	VID
131	Where does all her energy come from? Or that voice, which can blast out with a force to induce shockwaves?	blast out	VPC.full
132	I am doing a project and need to know what kind food Argentina people eat for breakfast, lunch, and dinner.	doing project	LVC.full
133	Dark rain in the afternoon in London when the plane took off, at Rome the airport a vast, bleary shopwindow shining blurred colours through rain.	took off	VPC.full
134	Can a policeman open fire on someone trying to kill him?	open fire	VID
135	Making his way through the press of oncoming bodies, Quinn made a tour of the numbered gates, looking for hidden staircases, unmarked exits, dark alcoves.	made a tour	LVC.full
136	No one will ever know whether the recent elections in Spain would have yielded a different result, if not for the train bombings a few days earlier.	yielded result	LVC.cause
137	It is a daily routine to hear the same leader making opposite statements in Arabic to his people and in English to the rest of the world.	making statements	LVC.full
138	I know you all are going to have so much fun with them.	have fun	LVC.full
139	I have called Mark Lay and left a message on his voice mail.	left message	LVC.cause
140	If you choose to edit the connection file, remember that all other pages that use the connection file will also be affected by the changes you make.	changes make	LVC.full
141	But during the twilight zone, a lot of harm can be done.	harm done	LVC.full
142	The problems caused by the absence of transparency are particularly severe.	problems caused	LVC.cause
143	It was the business community in India that stepped in after Vajpayee indulged in an empty bout of saber rattling in 2002, pointing out that the only beneficiary of the mythical perception that war -- especially nuclear war -- was around the corner in the subcontinent was China.	pointing out	VPC.full
144	Then she gave him work to do, with the promise he wouldn't eat again until he'd finished.	work do	LVC.full
145	Gore released a statement Friday taking Bush to task for his comments on Pakistan's recent coup.	released statement	LVC.full
146	She ruffled her feathers and gave him a look of deep disgust.	gave look	LVC.full
147	(this way the will associate your hand with food, and birds love food lol) Then I turned on the tv and watch.	turned on	VPC.full
148	Celebrities, fans and even CNN reporters are dressing up like "Stranger Things" characters this holiday.	dressing up	VPC.semi
149	The population had cleared out a long time ago.	cleared out	VPC.full
150	But quite abruptly, he had given up all that.	given up	VPC.full
151	When victims and witnesses speak up, at least sometimes a child is protected, the truth is exposed, and justice is done.	speak up	VPC.semi
152	When items in a field are hidden by conditional filtering, a funnel appears to the left of the drop-down arrow Field arrow.	drop-down	VID
153	As long as you are a gentleman and treat them with respect they won't have any problem talking with you and your nationality will have nothing to do with how they treat you.	have to do with	VID
154	DPA: Iraqi authorities announced that they had busted up 3 terrorist cells operating in Baghdad.	busted up	VPC.full
155	I specially didn't say anything about the colour because I didn't want to muddle you up.	muddle up	VPC.semi
156	Western sheep and cattle ranchers, on whose behalf this extermination campaign was conducted, gratefully dusted their hands of the wolf and wrote him off as a job well done.	dusted their hands	VID
157	Wires sometimes get crossed. A person tries to call a number, and even though he dials correctly, he gets someone else.	Wires get crossed	VID
158	You could tell those fuckers where to get off.	get off	VPC.full
159	Here's a tip: Don't get married in countries that house illegal militias that attack other countries and hence are likely to come under counter-attack!	get married	LVC.full
160	Some of the corporate also get cheap air tickets because they tie up with some of the airlines for a certain period based on the discount and services they get from the airlines.	tie up	VPC.full
161	Before he had a chance to absorb the woman's presence, to describe her to himself and form his impressions, she was talking to him, forcing him to respond.	had chance	LVC.full
162	Not only did Bush not know who General Pervez Musharraf was, he seems to have confused coup-making with "taking office," and moreover went on to suggest that the overthrow of an elected prime minister and the installation in power of the Pakistan military, then the world's strongest supporter of the Taliban, would bring "stability!"	coup making	LVC.full
163	Thank you very much, Commissioner.	Thank you	VID
164	Yes, I see what you're getting at.	getting at	VPC.full
165	I have a question about McDonald's Monopoly!	have question	LVC.full
166	boob out?	boob out	VPC.full
167	Any chance we can get together for dinner Saturday eve.?	get together	VPC.full
168	"Time is the best teacher, except for the fact that it kills off its best students"	kills off	VPC.semi
169	Please, make sure that we are billed.	make sure	VID
170	Now, it is only natural that news reports questioning Bush’s service — in The Boston Globe and The New York Times, on CBS and in other outlets — would come out now.	come out	VPC.full
171	The vote will take place tomorrow at 12 noon.	take place	VID
172	Try the 360 restraunt u spin in the cn tower with a beautiful view the sky pod elevator is about an hour line up in the summer	line up	VPC.full
173	If you want to pass this web site address along to other folks, feel free.	pass along	VPC.semi
174	The pressure had been building up in him since Stillman's disappearance that morning, and it came out of him now as a torrent of words.	building up	VPC.semi
175	Come in and have some breakfast.	have breakfast	LVC.full
176	If you have any doubts, refer to Title 18 Sec. 1302 & 1341 of the Postal Lottery laws.	have doubts	LVC.full
177	If you must do this, retest the existing queries to ensure that they still run or produce expected results, and rewrite the queries if necessary.	produce results	LVC.full
178	The Kerry camp blames Bush for the Swift boat veterans’ attack, but anyone who has spent much time talking to the Swifties gets the sense that they are doing it entirely for their own reasons.	spent time	VID
179	why is enron blowing up?	blowing up	VPC.full
180	Thank you very much and we hope to hear from you soon!	Thank you	VID
181	He kept on turning up at my barn and I joked to the guy that clearly he didn't want to be sold.	turning up	VPC.full
182	3 When you filter a field, the drop-down arrow Field arrow for the filtered field changes to blue instead of black, and the AutoFilter button on the toolbar is selected.	drop-down	VID
183	They can be bleak and eerie, often very exposed, often covered with antiquities like bronze age burial mounds, stone circles and settlements--until late in the bronze age they were rich farmlands,then a change in the climate caused the skies to cloud over and rain to wash the goodness from the soil.	cloud over	VPC.semi
184	Some Armenian prelates have joined us for coffee and take part in the discussion.	take part	LVC.full
185	At that moment, there was a diversion in the form of a small, red-headed figure in a long nightdress, who appeared in the kitchen, gave a small squeal, and ran out again.	gave squeal	LVC.full
186	I don't know where this stands officially (I haven't heard any developments since Amsterdam) but I can find out from Bob Pickle if you want.	find out	VPC.full
187	"Q Thank you -- I was wondering, there's a lot of talk right now about memoirs being written with the former President.	Thank you	VID
188	Can we get together Friday morning July 7 at 800 am at your office?	get together	VPC.full
189	Quinn had his doubts, but this was all he had to go on, his only bridge to the present.	had to go on	VID
190	We don't have to argue; we can take it that colonialism is indefensible, for us, no?	take it	VID
191	Nervous people make mistakes, so I suppose there will be a wave of succesfull arab attacks.	make mistakes	LVC.full
192	My weekends seem to be taken up with condo matters, house hunting.	taken up	VPC.full
193	I guess it's just the old new Arab 'Me against my brother, me and my brother against my cousin, me and my cousin against my enemy', or 'The enemy of my enemy is my friend' thing going on again.	going on	VPC.full
194	It had been hopeless from the very first. The flame had leaped high, driven everybody back, lighted up everything – and collapsed.	lighted up	VPC.semi
195	He is very knowledgeable and took the time to explain the repairs to me.	took the time	VID
196	Ben made another announcement on March 28, 2005:	made announcement	LVC.full
197	For that reason, he said, Kumaratunga's government was keen to beef up military preparedness with Indian support.	beef up	VPC.full
198	The annual survey also revealed that worries about taking on fresh financial burdens has rocketed.	taking on	VPC.full
199	Figuratively speaking, this outer circle is the guardian, which makes sure that the people look and listen inwards to the inner circle of terror and incitement, rather than to the world outside.	makes sure	VID
200	he tried to keep his eyes open but the whirl of green flames made him feel sick	feel sick	LVC.full
201	I have a couple of questions so I can wrap up the LOI:	have questions	LVC.full
202	He made it to Grand Central well in advance.	made it	VID
203	The Commission's estimates of what would be health-endangering values reflect the outcome of the research carried out.	carried out	VPC.full
204	This country can do with a few more white people like you, take it from me.	take it	VID
205	One of the most widespread myths of recent times is that the Chernobyl nuclear reactor accident in 1986 caused many thousands of extra cancer deaths in neighbouring regions, and that public health has been severely affected by exposure to radiation.	caused deaths	LVC.cause
206	In practise it turns out that it is sometimes impossible to answer this question.	turns out	VPC.full
207	If so, you may want to split and cover.	split and cover	VID
208	Let me try to break this down as simply as I can: diurnal (active during the day time) reptiles like the bearded dragon require 3 types of "light," UVA, UVB, and heat.	break down	VPC.full
209	She said, There're bulbs like you see in films round the star's dressing-table, and they light up and spell INDEPENDENCE HURRAH.	light up	VPC.semi
210	The credit guys are currently assuming that there is no correlation and may consequently be double dipping the credit reserve on this basis too.	double dipping	VID
211	Please leave as a word document and make any changes and additions that you think necessary.	make changes	LVC.full
212	You can apply a filter to a row or column field to show the top or bottom n items based on a total.	apply filter	LVC.full
213	If the Israelis and the Palestinian leadership cannot find a way to reinvigorate the peace process, cells of radical young Palestinians may grow up that look to bin Laden for their cues.	grow up	VPC.full
214	Seeing another "Columbia" incident can be quite frightening (I woke up to it early in the morning when I was in Texas).	woke up	VPC.semi
215	And this has already drawn protests from the Tamil National Alliance (TNA) which was backed by the LTTE in the April general elections held in Sri Lanka.	drawn protests	LVC.cause
216	Can you please confirm which price is correct and make the change in Sitara if necessary?	make change	LVC.full
217	We can't avoid being politicized (to use a word as murky as the condition it describes) because it is necessary after all to know what is going on.	going on	VPC.full
218	So, one evening, I made a speech in English with gestures, not one of which was lost to the sixty pairs of eyes before me, and the next morning I started the hammock off in front all right.	made speech	LVC.full
219	Did you do a deal with National Fuel Marketing purchasing 3,500 mmbtu on May 30th @2.975?	do deal	LVC.full
220	If you have any contacts who could help us get in touch with these guest speakers, please let us know at ethink@enron.com.	get in touch	VID
221	Most Fridays I'm going to TRY to pick Michael up since I'm away so much, which means leaving by 445 or so.	pick up	VPC.full
222	Petersen held discussions with both Kumaratunga and the reclusive LTTE leader Velupillai Prabhakaran in the rebel stronghold of Kilinochchi without success, and chief Tamil rebel negotiator Anton Balasingham and Norwegian envoy Erik Solheim held closed-door talks at the international airport late Saturday in an effort to keep the salvage effort on track, diplomatic sources said.	held discussions	LVC.full
223	Adidas is helping to clean up the Earth's oceans by using the waste floating around the world to make shoes.	clean up	VPC.semi
224	YesShe is having physical theraphy 3 times a week.	having theraphy	LVC.full
225	well id just come straight out and tell them how you feel	come straight out	VID
226	It must be stamped out.	stamped out	VPC.full
227	Like you said "the kids egg him on".	egg on	VPC.full
228	I am following up regarding the status of our comments to the form of guaranty for Pemex that you provided to Lucy Ortiz.	following up	VPC.full
229	And we'll get around to that.	get around	VPC.full
230	Greg Couch will be taking over the responsibility for the estate risk group and will be able to assist you with your requests going forward.	taking over	VPC.full
231	He's a good chap, if they'll let him alone, he's learnt a lot, and one's done what one could...	let alone	VID
232	Auster looked the check over carefully and nodded.	looked over	VPC.full
233	From this standpoint, the evaluation of the implementation of the budget may take on a dimension that overrides matters of detail.	take on	VPC.full
234	Being well-informed will give you certainty and that is desirable in a world of conflicting reports.	give certainty	LVC.cause
235	Hope you've been storing up sleep, cause it looks like you won't be getting much for a while.	storing up	VPC.semi
236	Richard - please let me know what we need to do next to file suit.	file suit	VID
237	There is no such thing as a BTA or "Basic Travel Allowance"-this is 100% a scam-as the first poster said,cut off any and all contact with this person-they are NOT who or what they are claiming to be.	cut off	VPC.full
238	Trying hard to bear all this in mind, Harry took a pinch of Floo powder and walked to the edge of the fire.	bear in mind	VID
239	The ARVN was not having a big problem with the Local VC (the guerilla movement), they were being challenged by the Main Force VC (which was light infantry) and the North Vietnamese Army (NVA).	having problem	LVC.full
240	Look forward to seeing pictures of the little ones.	Look forward	VPC.full
241	When the Americans swept in with their Search and Destroy operations the Communists quickly leaned they could not stand up to the US firepower, and these regular troops were forced to flee the country and take sanctuary across the borders in Laos and Cambodia.	take sanctuary	LVC.full
242	If you carry out the Save As command after making changes to the object's formatting, but before saving your changes, the current formatting – not the saved formatting – will be used to create the page.	making changes	LVC.full
243	My life is too complicated right now trying to do my job.	do job	LVC.full
244	The goal is for him to move on with his life and for us to move on as well.	move on	VPC.full
245	In general, avoid doing the following to prevent problems caused by mixing queries created under different ANSI SQL query modes:	problems caused	LVC.cause
246	This is a thought that sometimes crosses Jewish minds.	crosses minds	VID
247	I have great sympathy with the view that Community legislation should not be over-prescriptive.	have sympathy	LVC.full
248	What's going on with the UBS weather position?	going on	VPC.full
249	Drop by my house, I can get you some real cheap.	Drop by	VPC.full
250	Well, the job is done, one asks nothing more but to fold one's tents.	job done	LVC.full
251	Of course law enforcement has dragged it's feet when members are taking part in the activity themselves.	dragged feet	VID
252	of course, his hopes hadn't been high; they'd never given him a proper present, let alone a cake – but to ignore it completely.	let alone	VID
253	Have a great weekend.	Have great weekend	LVC.full
254	We'll hook you guys in by videoconference.	hook in	VPC.full
255	It solaced him to know that he had an alternate plan if things went awry.	had plan	LVC.full
256	We look forward to what the Commission has to say but I would sound a note of warning.	sound note	LVC.full
257	I did not hear back from Shanna or Sharon Butcher.	hear back	VPC.semi
258	We're gearing up for our 2001/02 recruiting campaign and we think your experience will help us define what works best and what can be improved in our process.	gearing up	VPC.full
259	I'll send a copy of the suit filed against the generators as soon as I get it.	suit filed	VID
260	Oh you make the usual mistake of seeing the life of the African people as a blank... and then the colonialists come along and we come to life – in your compounds and back yards.	make mistake	LVC.full
261	When items in a field are hidden by autofiltering or filter by selection, the drop-down arrow Field arrow in the field label is blue.	drop-down	VID
262	Thank you for your help.	Thank you	VID
263	Ever since the first whispers about Google's IPO, most investors have feared that the stock would come public at such a ridiculously high price that, even with a spectacularly profitable business model and some nearly flawless execution, the price would be too high for investors to make a real profit.	make profit	LVC.full
264	it was assumed that he would pick up family and other relationships merely by being exposed to them.	pick up	VPC.full
265	give them time to set up their territories, and once you bring the new kitten out, pay a lot of attention to the male.	pay attention	LVC.full
266	We pointed out to the PX that there was excess credit.	pointed out	VPC.full
267	I had no difficulty in finding the Company's offices.	had difficulty	LVC.full
268	Fortunately circumstances will force our hand soon since our collective bad behaviour cannot continue indefinitely.	force our hand	VID
269	There is an e-mail by Moussaoui, however, dated July 31, 2001 indicating that he sought to take a crop dusting course that was to last up to 6 months.	take course	LVC.full
270	(Kut is in southeastern Iraq and has an overwhelmingly Shiite population, who are on the lookout for Baathist saboteurs and willingly turn them in.	turn in	VPC.full
271	KSM explained that Moussaoui's inquiries about crop dusters may have been related to the anthrax work being done by US-trained biochemist and Al Qaeda operative, Malaysian Yazid Sufaat.	work done	LVC.full
272	ok well i have a crush on 2 guys but unforchunitly it is almost valentines day afnd i just broke up with my and i have dated one of theguys i like and one guy lives in my naborhood guy i need your help i am a girl but i need a guys help what shoul i do?	broke up	VPC.full
273	We are still trying to figure out some of the cash traders.	figure out	VPC.full
274	Do you return fire, if you are attacked from a hospital?	return fire	VID
275	In any case, since the book is supposed to be real, it follows that the story has to be written by an eyewitness to the events that take place in it.	take place	VID
276	He took a deep breath, scattered the powder into the flames and stepped forward; the fire felt like a warm breeze; he opened his mouth and immediately swallowed a lot of hot ash.	took breath	LVC.full
277	I just want to extend a big "Welcome!" to Darin Darin Fisher who joined me at Google this week.	extend Welcome	LVC.full
278	In ’72 or ’73, if you were a pilot, active or Guard, and you had an obligation and wanted to get out, no problem.	had obligation	LVC.full
279	I ended up getting a pair of zebra finches for christmas.	ended up	VPC.full
280	there will be some girls there and then we can get them to meet up with us at that garden in the heights party later that night.	meet up	VPC.full
281	Each time he took a walk, he felt as though he were leaving himself behind, and by giving himself up to the movement of the streets, by reducing himself to a seeing eye, he was able to escape the obligation to think, and this, more than anything else, brought him a measure of peace, a salutatory emptiness within.	took walk	LVC.full
282	The village soil and water are now too heavily contaminated to safely occupy human life, so the plant was shut down last week.	shut down	VPC.semi
283	Unfortunately for them, the general has decided to take seriously Colin Powell's frequent boasts that it was on his nudging that the Indians made conciliatory gestures toward Islamabad.	made gestures	LVC.full
284	Sat. Sept. 23 - Drive to St. Tropez - through Nice , Cannes & other coastal towns, check-in mid afternoon	check in	VPC.full
285	I haven't even changed the wording after I first put it down.	put down	VPC.full
286	He had kept up, since he finally left Africa ten years ago, a close contact with Adamson Mweta and the other leaders of the African independence movement.	kept up	VPC.full
287	The points system acts as a guide to sort out the best candidates.	sort out	VPC.full
288	Thank you though.	Thank you	VID
289	your male is hurting her to put her in her place - biting her scruff is dominance and biting the belly is a move cats use when hunting - to pull the guts out of their prey.	put her in her place	VID
290	Copyright and the EU's principle of free competition should be taken into account in the televising of sports as of other events.	taken into account	VID
291	In 1947 Copeland had been sent to Damascus ("by whom is not stated," Kedourie says) "to make unofficial contact" with Syrian leaders and "to probe for means of persuading them, on their own, to liberalize their political system."	make contact	LVC.full
292	Leave me alone. cut it out. I'm trying to sleep.	Leave alone	VID
293	(We check in early afternoon and we fly next day. )	check in	VPC.full
294	'When you see Mr. Kurtz, he went on, tell him from me that everything here – he glanced at the desk – is very satisfactory.	went on	VPC.full
295	"Another generation of heavy metal has taken over, and -- sorry -- it ain't just about strippers and dope.	taken over	VPC.full
296	Its understandable recoil from wars, following the horrors of World War II, may cost thousands of additional innocent lives, before the tide will turn."	tide turn	VID
297	Compositionally, this one is not my favorite, I would suggest trying a different crop because I dont think cutting her off at the calf looks great.	cutting off	VPC.full
298	I copy this out for my own entertainment a specimen of illusionless American political analysis.	copy out	VPC.semi
299	It won't make much difference.	make difference	LVC.cause
300	A team of San Diego's best anti-trust and class action attorneys has been assembled to take on the electric generators and marketers in California state court in an effort to return the electricity overcharges that have battered San Diego and the rest of California this year.	take on	VPC.full
301	Shrugging, he gives up and I turn to the twice disagreeable chicken and eat guiltily, my appetite spoiled.	gives up	VPC.full
302	"But architecture can build a bridge between the living and the dead and, to some extent, blur the boundaries."	build a bridge	VID
303	It's the bad parents out there who fuck up their lives and dont seem to understand that once you decide to have kids, it is indeed time to grow up and be a responsible role model for those kids.	fuck up	VPC.full
304	Companies may try to set up a firewall between sensitive systems and foreign powers, but it does not always work.	set up	VPC.full
305	Addressing the OAS, Amin had provoked laughter and applause among the delegates by saying that the hostages were as comfortable as they could be in the circumstances surrounded by explosives.	provoked laughter	LVC.cause
306	not to mention the market is going to be flooded with enron folks .	not to mention	VID
307	Further to your call attached is a presentation I gave at the Canadian Risk Managers Conference in Edmonton in the fall of 2000.	presentation gave	VPC.full
308	An old woman with crinkly grey hair woke up at her post outside the lavatory and opened the door, smiling and grasping a filthy cleaning rag.	woke up	VPC.semi
309	Thanks For The Prompt Service And Great Job You And Your Boys Have Done On Our New Solar System, The Panels On The Roof Look Great And The Power We Are Putting Back In To The Grid Is Great, Great Job Thanks	Job Done	LVC.full
310	There was a vast amount of red – good to see at any time, because one knows that some real work is done in there, a deuce of a lot of blue, a little green, smears of orange, and, on the East Coast, a purple patch, to show where the jolly pioneers of progress drink the jolly lager-beer.	work done	LVC.full
311	She went off to dance, holding in her stomach as she squeezed past and balanced her soft-looking body.	went off	VPC.full
312	When the FLDS under Mr. Jeffs (and his father before him) grew to some 10,000 followers in several southwestern communities with estimated assets of $110 million; when it became clear that government officials, school authorities, and police in those communities had become intertwined with the sect; when ex-members increasingly reported child and sexual abuse charges (mainly involving underage girls forced to marry older men); and when the sect began to use secluded compounds, state and federal authorities started to crack down more vigorously.	crack down	VPC.full
313	It was ok, nice management, they let us check in early, but the place was old.	check in	VPC.full
314	Dudley put on a foul, simpering smile.	put on smile	LVC.full
315	You made a choice to be a mommy, you dont get a break until they move out, thats the choice that you madea and that's life.	made choice	LVC.full
316	Can you please confirm which price is correct and make the change in Sitara if necessary?	make change	LVC.full
317	The other three wheeled around.	wheeled around	VPC.full
318	Someone called to Vivien and they were drawn away from the dancers to a crowded table.	drawn away	VPC.full
319	All I can say is that Elmira you are the best Ive experienced, never before has the seamstress done a perfect job until i met you.	done job	LVC.full
320	Sounds like your cat is stressed out .	stressed out	VPC.semi
321	We just did a deal for the rest of the month for 10,000/d at meter # 1552 QE-1 @ $4.355 .... can you let me and Robert Lloyd know what the sitara # is?	did deal	LVC.full
322	Please give me a call to discuss Nov transaction.	give a call	LVC.full
323	Also look up the kingston family.	look up	VPC.full
324	Irony is dead...Long live Irony!	Long live	VID
325	Mrs Weasley had shouted herself hoarse before she turned on Harry, who backed away.	turned on	VPC.full
326	Check out http://www.restaurant.com lots of restaurants you can look at the menu and check out prices.	Check out	VPC.full
327	Thank you very much, Commissioner.	Thank you	VID
328	i need to hav sm good time spent with my gf..in kerala..in which all places in kerala shal i expect ambience and privacy for making love..pls help .thank you	time spent	VID
329	For fifteen years the Soviet Union has been supporting the Arabs against Israel in the Middle East and all they have to show for it is the humiliation of their proteges and the capture and destruction of their equipment by Israel.	have to show for it	VID
330	As he passed the door to the living room, Harry caught a glimpse of Uncle Vernon and Dudley in bow-ties and dinner jackets.	caught glimpse	LVC.full
331	To tell the truth, this's the first time for a week we've had time to sit down to eat.	tell the truth	VID
332	The what? Auster laughed, and in that laugh everything was suddenly blown to bits.	blown to bits	VID
333	What if Shinza should make a bit of trouble at the next elections, what if he were to feel himself bloody well discounted as he certainly is, and start up a real opposition with all the tricks that he taught PIP, eh?	start up	VPC.semi
334	"I'm pretty suspicious of making broad generalizations," however, he cautioned.	making generalizations	LVC.full
335	Suppose, for the sake of discussion, that someone would openly stay in a well-known address in Teheran, hosted by the Iranian Government and financed by it, executing one atrocity after another in Spain or in France, killing hundreds of innocent people, accepting responsibility for the crimes, promising in public TV interviews to do more of the same, while the Government of Iran issues public condemnations of his acts but continues to host him, invite him to official functions and treat him as a great dignitary.	executing atrocity	LVC.full
336	This is one example of what happens when Bush gets a question that he hasn't anticipated.	gets question	LVC.full
337	Ingenious, really, how many ways Muggles have found of getting along without magic.	getting along	VPC.full
338	i am not going unless lisa promises to get all wasted and boob out.	get wasted	VID
339	Nevertheless, most European countries still trade with Iran, try to appease it and refuse to read the clear signals.	read the signals	VID
340	I am vacation until the 22nd but Per is up to speed and I would like to make sure that you keep up with him and any HR / Legal activity that may occur.	make sure	VID
341	The default view – the view in which the object is open when you carry out the Save As command – determines the design of the data access page.	carry out	VPC.full
342	Usually, these are just a chance for the suckups to suck up, but this time people are actually concerned about the company's plans.	suck up	VPC.full
343	And yet when that ceremony was over, and in between all the other official occasions – State Ball, receptions, cocktail parties, banquets, and luncheons – a mood of celebration grew up, as it were, outside the palace gates.	grew up	VPC.full
344	Oh, you must make trip the young man said proudly.	make trip	LVC.full
345	I heard the name of Kurtz pronounced, then the words, 'take advantage of this unfortunate accident.'	take advantage	LVC.full
346	I well remember what intelligent, informed people were saying in the last years of the Weimar Republic, what they told one another in the first days after Hindenburg had brought in Hitler.	brought in	VPC.full
347	This was the body that Bush proclaimed was bringing "stability" to the region in fall of 1999.	bringing stability	LVC.cause
348	Barbara Walters did a story on gender roles in Kuwait several years before the Gulf War.	did story	LVC.full
349	Don't think I don't know I've got some bad times coming to me, he said, as if taking up, in private, current talk about himself.	taking up	VPC.full
350	I would be interested in hearing what conclusions you reached and what you found that was most convincing.	conclusions reached	LVC.full
351	Harlan provides great service.	provides service	LVC.full
352	Bush, in answering the question about the leader of Pakistan, also said: "The new Pakistani general, he's just been elected -- not elected, this guy took over office.	took over	VPC.full
353	That will ensure that I wont take up too much of your time!!	take up	VPC.full
354	But Kalkat pointed out that India would be ill-advised to be involved again, militarily, with Sri Lanka if only because it still had to consider the sentiments of 45 million ethnic Tamils in the Indian state of Tamil Nadu - separated from Sri Lanka's Jaffna peninsula by the narrow Palk Straits.	pointed out	VPC.full
355	Musharraf made his coup in part because of the military's anger over Prime Minister Nawaz Sharif's willingness to back down from confronting India over Kashmir, so that he explicitly came to power as a warmonger.	made coup	LVC.full
356	I have a couple of questions so I can wrap up the LOI:	have questions	LVC.full
357	With the demand so high, the question arises on to who should be or has the right to be the Santa of nuclear weapons.	has right	LVC.full
358	I went to work the next day, turning, so to speak, my back on that station.	so to speak	VID
359	You live the moment, without any perspective, but you can not break free of the moment, forget the moment.	break free	VID
360	Colombo held six rounds of talks with the Tigers between September 2002 and March 2003.	held talks	LVC.full
361	The term renaissance is in essence a modern one that came into currency in the 19th century, in the work of historians such as Jacob Burckhardt.	came into currency	VID
362	I like Hayes Street Grill....another plus, it's right by Civic Center, so you can take a romantic walk around the Opera House, City Hall, Symphony Auditorium...all very beautiful.	take walk	LVC.full
363	I always went my own road and on my own legs where I had a mind to go.	had a mind to	VID
364	Thank you for you patience.	Thank you	VID
365	If possible, can you also give an indication of the rank - 1 through 5?	give indication	LVC.full
366	But the long silence from Ron and Hermione had made Harry feel so cut off from the magical world that even taunting Dudley had lost its appeal – and now Ron and Hermione had forgotten his birthday.	cut off	VPC.full
367	PS Your brother told me he went to 3 bowl games (when I found out that two of them were the galleryfurniture.com bowl and that one in Shreveport (I can't remember the name of it)) I realized he is a very, very sick college football fan.	found out	VPC.full
368	The vote will be taken at 12.00 noon tomorrow.	vote taken	LVC.full
369	OSU forestry professors William Ripple and Robert Beschta have found that wolves actually promote stream-bank stabilization, although they have given the phenomenon the unfortunate name of "the ecology of fear" -- something that smacks of the horrible PR resulting from the wolf's relationships with Riding Hood and the Three Pigs.	smacks of	VID
370	[This killing of a respected cleric will be causing us trouble for years to come.]	causing trouble	LVC.cause
371	However, if you can wait til 2:00pm to eat, go ahead and grab something and expense it!	go ahead	VPC.full
372	Will you pass along to the appropriate person?	pass along	VPC.semi
373	In that respect, we need to dial in Rick Johnson and Olgletree to plan and communicate that plan to the execution team.	dial in	VPC.full
374	Electromagnetic fields and their effect on people are subjects that have come up for debate with increasing frequency in recent years.	come up	VPC.full
375	Should we all get together and make a conference call to Dominion like we did before or should I just call Jeff Davis myself?	get together	VPC.full
376	These three little ones don't realize how lucky they are to have such a nice Dad, but I'm sure they'll find out soon.	find out	VPC.full
377	As the American public gradually wearies of the Iraq crisis, some have begun worrying that the war could blow back on the US by creating the conditions for anti-American terrorism.	blow back	VPC.full
378	Greece, Italy, France, Spain and Austria, have understood that something has to be done and now have a presence in Albania.	have presence	LVC.full
379	You end up listening more acutely for the next noise and getting more irritated when it comes.	end up	VPC.full
380	A major report in January said oceans would contain more plastic than fish by 2050 unless the world took radical action to stop rubbish leaking into the seas.	took action	LVC.full
381	He made a resigned grimace assuming understanding... My wife and I decided we couldn't stick it any longer.	made grimace	LVC.full
382	Arial photos, loose connections to AQ Kahn and Libya make up the evidence that the group presented.	make up	VPC.semi
383	The Kashmir issue generates far more terrorism, and even the threat of nuclear war, than Iraq ever did.	generates terrorism	LVC.cause
384	Each filter you apply is added to the ones you already have in effect.	filter apply	LVC.full
385	Stillman's train was not due to arrive until six-forty-one, but Quinn wanted time to study the geography of the place, to make sure that Stillman would not be able to slip away from him.	make sure	VID
386	The only difference we had was for package V02.	difference had	LVC.full
387	The Eastern phoebe is showing up about 20 days before it used to.	showing up	VPC.full
388	'Well, let us say three months before we can make a start.	make start	LVC.full
389	We have updated our site to include a LOST and FOUND page and you can now join our branch and make a secure on-line donation to the charity.	make donation	LVC.full
390	If a query uses an alias that is the same as a base column name and you create a calculated field using the ambiguous name, the query will produce different results under each query mode.	produce results	LVC.full
391	where did you grow up?	grow up	VPC.full
392	With protests going on in the Chilean capital of Santiago (from the economic summit), President Bush visited Chinese President Hu Jintao and other key allies in Santiago.	going on	VPC.full
393	They intrigued and slandered and hated each other only on that account, – but as to effectually lifting a little finger – oh, no. By heavens!	lifting a little finger	VID
394	As he drank his coffee, buttered his toast, and read through the baseball scores in the paper (the Mets had lost again, two to one, on a ninth inning error), it did not occur to him that he was going to show up for his appointment.	show up	VPC.full
395	Although some may praise this as an opportunity for the private sector to finally serve the public good, NASA seems hesitant about turning over the reigns to the corporate world.	turning over	VPC.full
396	I just got of the phone with Hai and he told me how to make an adjustment on a day to day basis in regards to incorrect liquidations but he also explained this is just to make the daily P&L #'s right, if nothing were done the month end P&L would still somehow work out because adjustments would be made.	make adjustment	LVC.full
397	If Stillman did not show up, Quinn would go straight to 69th Street and confront Virginia Stillman with what he knew.	show up	VPC.full
398	She started out at the RSC in the mid-Sixties playing an asylum-inmate in Marat/Sade.	started out	VPC.semi
399	I drafted the Into TVA Option as a series of calls tied to the MOPA delivery term and quantity - not sure if this anything close to what you all had in mind.	had in mind	VID
400	"paulhastings.com" made the following annotations on 04/25/01 12:42:55	made annotations	LVC.full
401	Most of the dinner guests agree that Russia's internal difficulties are so grave it may have to draw away from Syria.	draw away	VPC.full
402	Perhaps we should look at the death metal phenomenon less as an invitation to violence than as a couter-cultural response to the over hypocrisy of a large percentage of the 'Church-Morality' crowd, which gives a lot of lip service to loving thy neighbor, but doesn't apply that love very far beyond their own congregation.	gives lip service	LVC.full
403	Two years ago, Pakistani President Pervez Musharraf was surprised when the leader of the main Islamist alliance -- Maulana Fazlur Rahman -- visited India and issued a series of highly conciliatory statements.	issued statements	LVC.full
404	Look forward to drinking a few beers.	Look forward	VPC.full
405	Users without licenses will be able to view and print the components and the data in them, but they can not interact with or make changes to them.	make changes	LVC.full
406	The American firm of Booz, Allen &amp; Hamilton lent one of its specialists, Miles Copeland by name, to the State Department, where he was in 1955 a member of a group called the Middle East Policy Planning Committee, the main purpose of which was, in his own words, "to work out ways of taking advantage of the friendship which was developing between ourselves and Nasser."	taking advantage	VID
407	White men with long staves in their hands appeared languidly from amongst the buildings, strolling up to take a look at me, and then retired out of sight somewhere.	take look	LVC.full
408	Will we choose to live in harmony with this planet or crash and burn in a conflagration of arrogance and disregard?	crash and burn	VID
409	On July 4-5, again before the rescue, Le Monde had reported without comment wisecracks made by Amin in a speech at Port Louis.	wisecracks made	LVC.full
410	I'm assuming it's to scare off predators / like how they will puff up their neck spikes to make them look bigger to predators or enemies.	scare off	VPC.full
411	Please let me know what type of statement I should make back to the customer.	statement make	LVC.full
412	Read some of the following links and draw your own conclusions.	draw conclusions	LVC.full
413	Did she make it?	make it	VID
414	Th-thank you, said Harry, edging along the wall and sinking into his desk chair, next to Hedwig, who was asleep in her large cage.	Th-thank you	VID
415	It'll take you to all the major sites (GG Bridge, Haight, Chinatown, etc) and you can get off anyplace you want to spend more time at.	spend time	VID
416	It is this circle that makes sure that women remain inferior, that democracy is unthinkable and that exposure to the outside world is minimal.	makes sure	VID
417	Alejandra González Anaya, one of the parade's creative directors, explained to CNN why Mexico have decided now is the time to put on such a show.	put on	VPC.full
418	The thing to keep in mind is that Sunni Arab nationalists and Baathists and local Sunni radicals are likely to remain far more dangerous to the US in Iraq than al-Qaeda infiltrators, and it would be dangerous to take one's eyes off the former ball.	take eyes off the ball	VID
419	Some recent research conducted by Oregon State University has given considerable credence to this idea.	research conducted	LVC.full
420	Frustrated, the Americans decided for the best of reasons, as always, to make a heavier move:	make move	LVC.full
421	You have patience.	have patience	LVC.full
422	Thank you for your time.	Thank you	VID
423	We'll go in and have a steak there one evening, they're trying to make a go of it with a charcoal grill and whatnot.	make a go of it	VID
424	This is one thought-provoking film.	thought provoking	LVC.cause
425	Every move Google makes brings this particular future closer.	move makes	LVC.full
426	Never mind.	Never mind	VID
427	The vote will take place tomorrow at 12 noon.	take place	VID
428	They'll die off, I suppose.	die off	VPC.semi
429	I believe that there might be a sign-flipping problem for PUTS that 's causing this whole issue.	causing issue	LVC.cause
430	I ran across this item on the Internet.	ran across	VID
431	It's even made out to you.	made out	VPC.full
432	Although the origins of a movement that was confined largely to the literate culture of intellectual endeavor and patronage can be traced to the earlier part of the 14th century, many aspects of Italian culture and society remained largely Medieval; the Renaissance did not come into full swing until the end of the century.	come into full swing	VID
433	“The Vietnam War was winding down, and the Air Force was putting pilots in desk jobs.	winding down	VPC.full
434	I am making a christmas list for my parents and i was going to ask for a bird and these are the affordable ones that i like, and i was wondering : which would not bite alot, and which are more fun to have as pets AND I NEED TO KNOW WHICH WOULD BE QUIETEST i honestly dont care but my family does !	fun have	LVC.full
435	I wish I could make it.	make it	VID
436	Thank you.	Thank you	VID
437	First time to go on A cruise any and all info is appreciated	go on	VPC.full
438	These are 1) Assassinate or overthrow Gen. Pervez Musharraf, the Pakistani military "president" who had made a coup in 1999 and has thrown in his lot with the United States against the Taliban and al-Qaeda.	thrown in his lot with	VID
439	he was one of those people who, late at night, suddenly have a desperate need of certain companions.	have need	LVC.full
440	Tracy, Do we have concerns here.	have concerns	LVC.full
441	We have used them for plumbing & A/C and they are affordable and get the work done right.	work done	LVC.full
442	Response: The US has succeeded in politically isolating Hamas, and started the process of cutting off its funding.	cutting off	VPC.full
443	For example, I am concerned when I buy the monthly bus passes and I have to fill in my SS number.	fill in	VPC.full
444	Hope you're doing good.	doing good	VID
445	One has to wonder whether the bright fellows in our government and military who set up the deals with these people don't know what they are, don't care, or know perfectly well.	set up	VPC.full
446	enron is blowing up.	blowing up	VPC.full
447	Does the Commission have any sort of long-term policy in mind here?	have in mind	VID
448	Checked in real late, but staff was very kind and helpful.	Checked in	VPC.full
449	My weekends seem to be taken up with condo matters, house hunting.	taken up	VPC.full
450	Failing in Syria, the Americans went to work in Egypt.	went to work	VID
451	Then he got fever, and had to be carried in a hammock slung under a pole.	got fever	LVC.full
452	I'm still trying to find out what it will take to move gas on and ENA tabs agreement.	find out	VPC.full
453	Have fun.	Have fun	LVC.full
454	Hope you find out soon :)	find out	VPC.full
455	The municipality of Jerusalem is planning to build a new road and will tear the Jordanian one up.	tear up	VPC.semi
456	I honestly have no idea what to expect or prepare for and calling in to get professional advice from either of the embassies costs by the minute- which I really don't have the money for.	calling in	VPC.full
457	Thank you for your assistance.	Thank you	VID
458	If you have any other questions, please let me know.	have questions	LVC.full
459	I have not had the patience to get it working-I will callyou some evening and we can walk thru it.	had patience	LVC.full
460	The Knight of the Sad Countenance does not give up his obsessions.	give up	VPC.full
461	After you move fields to the drop areas so that the drop area captions are covered up, you can still drag additional fields to the areas.	covered up	VPC.semi
462	Afterwards I took it back when it was borne in upon me startlingly with what extreme nicety he had estimated the time requisite for the 'affair.'	borne in upon	VID
463	lol, last news message came out kinda weird, i was trying to browse the japanese website while i changed the text iwas supposed to put up but i ran out of time so there are no real pictures yet... but i'll add the links soon sry.	came out	VPC.full
464	I have a concern that the Enron optionality bug could bite us on the backside with that one.	bite on the backside	VID
465	Dando, equally assured, went on talking as if without interruption.	went on	VPC.full
466	At some stage in their development all SMEs experience problems arising from their weak capital resources.	experience problems	LVC.full
467	****sigh**** not trying to sound snooty or stuck up but I mean really!	stuck up	VPC.full
468	The battles and demonstrations were provoked by the US assault on Fallujah.	battles provoked	LVC.cause
469	if they bite, and one cries, you must separate them, and you must keep an eye on them.	keep an eye on them	VID
470	British Conservatives also believe that the Commission is wrong to bring forward this proposal in the name of the European Single Market.	bring forward	VPC.full
471	ever since Harry had come home for the summer holidays, Uncle Vernon had been treating him like a bomb that might go off at any moment, because Harry Potter wasn't a normal boy.	go off	VPC.full
472	Fast forward to 2016 and this is increasingly worthy of attention.	Fast forward	VID
473	I was on my way to my wedding fearing death, basically."	was on way	VID
474	No matter what progress we make as individuals in becoming healthier, we will never achieve real health until we collectively decide to create a healthier reality.	progress make	LVC.full
