Few RLI casualties were caused by SKS fire .	1	2	RLI casualties	RLI casualties are victims of the RLI
The only Yamaha branding is on either side of the engine .	2	3	Yamaha branding	Yamaha branding is a logo of Yamaha
He was released on the surety provided by Jesuit priests , but escaped from Goa and wandered around India for several years .	8	9	Jesuit priests	Jesuit priests are clerics of the Jesuit religions
The rhombus shape of the patches arose by adaptation to the Paris fashion of the 17th century by Biancolelli .	11	12	Paris fashion	Paris fashion are styles worn in Paris
Robert had to pay a fine of two hundred hawks , then an important Welsh export , to recover his liberty .	14	15	Welsh export	Welsh export is from Welsh products
